# ja -> zh-Hant (Taiwan). Built by build_glossary.py; sources and licences: SOURCES.md.
src	zh	mode	kind	conf	source
TOPへ	回到頂部	x	ui	A	curated
pH調整剤	酸鹼調整劑	s	additive	A	curated
あわび	鮑魚	x	allergen	A	curated
いか	魷魚	x	allergen	A	curated
いなり寿司	豆皮壽司	s	dish	A	curated
うなぎ	鰻魚	s	fish	A	curated
うな丼	鰻魚蓋飯	s	dish	A	curated
うな重	鰻魚飯	s	dish	A	curated
えのき	金針菇	s	ingredient	A	curated
えび	蝦	x	allergen	A	curated
おかゆ	粥	s	dish	A	curated
おしぼり	濕毛巾	x	menu	A	curated
おすすめ	推薦	x	menu	A	curated
おでん	關東煮	s	dish	A	curated
おにぎり	飯糰	s	dish	A	curated
お会計	結帳	x	sign	A	curated
お冷	冰開水	x	menu	A	curated
お問い合わせ	聯絡我們	x	ui	A	curated
お子様メニュー	兒童菜單	x	menu	A	curated
お子様ランチ	兒童餐	x	menu	A	curated
お手洗い	洗手間	x	sign	A	curated
お持ち帰り	外帶	x	menu	A	curated
お新香	醬菜	s	dish	A	curated
お粥	粥	s	dish	A	curated
お花見	賞櫻	s	word	A	curated
お茶漬け	茶泡飯	s	dish	A	curated
かき氷	刨冰	s	dish	A	curated
かけそば	清湯蕎麥麵	s	dish	A	curated
かつおぶし	柴魚片	s	ingredient	A	curated
かつお節	柴魚片	s	ingredient	A	curated
かに	蟹	x	allergen	A	curated
からあげ	日式炸雞	s	dish	A	curated
から揚げ	日式炸雞	s	dish	A	curated
きっぷうりば	售票處	x	sign	A	curated
きつねうどん	豆皮烏龍麵	s	dish	A	curated
きゅうり	小黃瓜	s	ingredient	A	curated
くちなし色素	梔子色素	s	additive	A	curated
くるみ	核桃	x	allergen	A	curated
こしょう	胡椒	s	ingredient	A	curated
ごはん	白飯	x	menu	A	curated
ごま	芝麻	x	allergen	A	curated
ごま油	麻油	s	ingredient	A	curated
ご飯	白飯	x	menu	A	curated
さけ	鮭魚	x	allergen	A	curated
さば	鯖魚	x	allergen	A	curated
ざるそば	竹簍蕎麥涼麵	s	dish	A	curated
しいたけ	香菇	s	ingredient	A	curated
しめ鯖	醋漬鯖魚	s	fish	A	curated
しゃぶしゃぶ	涮涮鍋	s	dish	A	curated
しょうが	薑	s	ingredient	A	curated
しょうが焼き	薑燒豬肉	s	dish	A	curated
しょうゆ	醬油	s	ingredient	A	curated
しらす	魩仔魚	s	fish	A	curated
じゃがいも	馬鈴薯	s	ingredient	A	curated
すきやき	壽喜燒	s	dish	A	curated
すき焼き	壽喜燒	s	dish	A	curated
すべて見る	查看全部	x	ui	A	curated
たい焼き	鯛魚燒	s	dish	A	curated
たぬきうどん	天婦羅花烏龍麵	s	dish	A	curated
たまねぎ	洋蔥	s	ingredient	A	curated
たらこ	鱈魚子	s	fish	A	curated
たんぱく加水分解物	蛋白質水解物	s	ingredient	A	curated
たん白加水分解物	蛋白質水解物	s	ingredient	A	curated
だんご	糰子	s	dish	A	curated
ちゃんこ鍋	相撲火鍋	s	dish	A	curated
ちらし寿司	散壽司	s	dish	A	curated
つくね	雞肉丸	s	dish	A	curated
でんぷん	澱粉	s	ingredient	A	curated
でん粉	澱粉	s	ingredient	A	curated
とん汁	豬肉味噌湯	s	dish	A	curated
どら焼き	銅鑼燒	s	dish	A	curated
にぎり	握壽司	x	dish	A	curated
にんじん	紅蘿蔔	s	ingredient	A	curated
にんにく	大蒜	s	ingredient	A	curated
ねぎま	蔥段雞肉串	s	dish	A	curated
のりかえ	轉乘	x	sign	A	curated
のりば	乘車處	x	sign	A	curated
はじめる	開始	x	ui	A	curated
はちみつ	蜂蜜	s	ingredient	A	curated
ひつまぶし	鰻魚飯三吃	s	dish	A	curated
ふりがな	假名標音	s	word	A	curated
ぶどう糖	葡萄糖	s	ingredient	A	curated
ぶどう糖果糖液糖	果糖葡萄糖糖漿	s	ingredient	A	curated
まぐろ	鮪魚	s	fish	A	curated
まつたけ	松茸	x	allergen	A	curated
みそ	味噌	s	ingredient	A	curated
みたらし団子	御手洗糰子	s	dish	A	curated
みりん	味醂	s	ingredient	A	curated
みりん風調味料	味醂風味調味料	s	ingredient	A	curated
もっと見る	查看更多	x	ui	A	curated
もつ煮	燉內臟	s	dish	A	curated
もつ鍋	牛腸鍋	s	dish	A	curated
もやし	豆芽菜	s	ingredient	A	curated
やまいも	山藥	x	allergen	A	curated
りんご	蘋果	x	allergen	A	curated
わらび餅	蕨餅	s	dish	A	curated
アクセント	重音	s	word	A	curated
アジ	竹筴魚	s	fish	A	curated
アスパルテーム	阿斯巴甜	s	additive	A	curated
アナゴ	星鰻	s	fish	A	curated
アミノ酸	胺基酸	s	additive	A	curated
アミノ酸等	胺基酸等	s	additive	A	curated
アルコール	酒精飲料	x	menu	A	curated
アレルギー表示	過敏原標示	x	allergen	A	curated
アーモンド	杏仁	s	allergen	A	curated
イカ	魷魚	s	fish	A	curated
イクラ	鮭魚卵	s	fish	A	curated
インフォメーション	服務台	x	sign	A	curated
イートイン	內用	x	menu	A	curated
ウスターソース	伍斯特醬	s	ingredient	A	curated
ウナギ	鰻魚	s	fish	A	curated
ウニ	海膽	s	fish	A	curated
ウーロンハイ	烏龍燒酎	s	drink	A	curated
ウーロン茶	烏龍茶	s	drink	A	curated
エスカレーター	手扶梯	x	sign	A	curated
エビフライ	炸蝦	s	dish	A	curated
エレベーター	電梯	x	sign	A	curated
オススメ	推薦	x	menu	A	curated
オニオン	洋蔥	s	ingredient	A	curated
オムライス	蛋包飯	s	dish	A	curated
オレンジ	柳橙	x	allergen	A	curated
オレンジジュース	柳橙汁	s	drink	A	curated
カシューナッツ	腰果	s	allergen	A	curated
カニ	螃蟹	s	fish	A	curated
カラメル色素	焦糖色素	s	additive	A	curated
カリウム	鉀	x	nutrition	A	curated
カルシウム	鈣	x	nutrition	A	curated
カルビ	牛五花	s	dish	A	curated
カルピス	可爾必思	s	drink	A	curated
カレーうどん	咖哩烏龍麵	s	dish	A	curated
カレーペースト	咖哩醬	s	ingredient	A	curated
カレールウ	咖哩塊	s	ingredient	A	curated
カレー粉	咖哩粉	s	ingredient	A	curated
カロチノイド色素	類胡蘿蔔素色素	s	additive	A	curated
カロテン色素	胡蘿蔔素色素	s	additive	A	curated
カード可	可刷卡	x	sign	A	curated
ガーリック	大蒜	s	ingredient	A	curated
キウイフルーツ	奇異果	s	allergen	A	curated
キャベツ	高麗菜	s	ingredient	A	curated
クイズ	測驗	x	ui	A	curated
クエン酸	檸檬酸	s	additive	A	curated
クミン	孜然	s	ingredient	A	curated
クレジットカード可	可刷信用卡	x	sign	A	curated
グラタン	焗烤	s	dish	A	curated
グルタミン酸ナトリウム	麩胺酸鈉	s	additive	A	curated
ゲル化剤	膠凝劑	s	additive	A	curated
コインロッカー	投幣式置物櫃	x	sign	A	curated
ココナッツ	椰子	s	ingredient	A	curated
ココナッツミルク	椰奶	s	ingredient	A	curated
コレステロール	膽固醇	x	nutrition	A	curated
コロッケ	可樂餅	s	dish	A	curated
コンソメ	清湯	s	ingredient	A	curated
コーラ	可樂	s	drink	A	curated
コーンスターチ	玉米澱粉	s	ingredient	A	curated
サイト内検索	站內搜尋	x	ui	A	curated
サバ	鯖魚	s	fish	A	curated
サワー	沙瓦	x	drink	A	curated
サーモン	鮭魚	s	fish	A	curated
シナモン	肉桂	s	ingredient	A	curated
ショートニング	酥油	s	ingredient	A	curated
ジュース	果汁	x	drink	A	curated
ジンジャー	薑	s	ingredient	A	curated
ジンジャーエール	薑汁汽水	s	drink	A	curated
スクラロース	蔗糖素	s	additive	A	curated
ステビア	甜菊	s	additive	A	curated
セット	套餐	x	menu	A	curated
セロリ	芹菜	s	ingredient	A	curated
ゼラチン	明膠	x	allergen	A	curated
ソフトクリーム	霜淇淋	s	dish	A	curated
ソフトドリンク	無酒精飲料	x	menu	A	curated
ソルビトール	山梨醇	s	additive	A	curated
タクシーのりば	計程車乘車處	x	sign	A	curated
タクシー乗り場	計程車乘車處	x	sign	A	curated
タコ	章魚	s	fish	A	curated
タマネギ	洋蔥	s	ingredient	A	curated
ターメリック	薑黃	s	ingredient	A	curated
チキンエキス	雞肉萃取物	s	ingredient	A	curated
チキンコンソメ	雞肉清湯	s	ingredient	A	curated
チャツネ	甜酸醬	s	ingredient	A	curated
チャーシュー	叉燒	s	dish	A	curated
チャーシューメン	叉燒拉麵	s	dish	A	curated
チャーシュー麺	叉燒拉麵	s	dish	A	curated
チューハイ	燒酎調酒	s	drink	A	curated
チーズ	起司	s	ingredient	A	curated
テイクアウト	外帶	x	menu	A	curated
デザート	甜點	x	menu	A	curated
トイレ	廁所	x	sign	A	curated
トッピング	配料	x	menu	A	curated
トップへ	回到頂部	x	ui	A	curated
トマトケチャップ	番茄醬	s	ingredient	A	curated
トマトピューレ	番茄泥	s	ingredient	A	curated
トマトピューレー	番茄泥	s	ingredient	A	curated
トマトペースト	番茄糊	s	ingredient	A	curated
トランス脂肪酸	反式脂肪	x	nutrition	A	curated
ドリア	焗飯	s	dish	A	curated
ドリンク	飲料	x	menu	A	curated
ドリンクメニュー	飲料單	x	menu	A	curated
ナツメグ	肉豆蔻	s	ingredient	A	curated
ナポリタン	拿坡里義大利麵	s	dish	A	curated
ニンニク	大蒜	s	ingredient	A	curated
ネギトロ	鮪魚蔥花	s	fish	A	curated
ハイボール	威士忌蘇打	s	drink	A	curated
ハマチ	青魽	s	fish	A	curated
ハラミ	橫膈膜肉	s	dish	A	curated
ハンバーグ	漢堡排	s	dish	A	curated
バスのりば	公車乘車處	x	sign	A	curated
バス乗り場	公車乘車處	x	sign	A	curated
バター	奶油	s	ingredient	A	curated
バナナ	香蕉	x	allergen	A	curated
パイナップル	鳳梨	s	ingredient	A	curated
パイン	鳳梨	s	ingredient	A	curated
パインアップル	鳳梨	s	ingredient	A	curated
パプリカ色素	紅椒色素	s	additive	A	curated
パン粉	麵包粉	s	ingredient	A	curated
ビタミンC	維生素C	s	additive	A	curated
ビタミンE	維生素E	s	additive	A	curated
ビタミンＣ	維生素C	s	additive	A	curated
ビタミンＥ	維生素E	s	additive	A	curated
ビーフエキス	牛肉萃取物	s	ingredient	A	curated
ビーフコンソメ	牛肉清湯	s	ingredient	A	curated
ピーナッツ	花生	s	allergen	A	curated
ピーマン	青椒	s	ingredient	A	curated
フライドポテト	炸薯條	s	dish	A	curated
フルーツチャツネ	水果甜酸醬	s	ingredient	A	curated
ブラックペッパー	黑胡椒	s	ingredient	A	curated
プライバシーポリシー	隱私權政策	x	ui	A	curated
ベニコウジ色素	紅麴色素	s	additive	A	curated
ペット禁止	禁止攜帶寵物	x	sign	A	curated
ページトップへ	回到頂部	x	ui	A	curated
ホタテ	扇貝	s	fish	A	curated
ホルモン	內臟	s	dish	A	curated
ホーム	首頁	x	ui	A	curated
ポテトサラダ	馬鈴薯沙拉	s	dish	A	curated
ポテトフライ	炸薯條	s	dish	A	curated
ポークエキス	豬肉萃取物	s	ingredient	A	curated
マグロ	鮪魚	s	fish	A	curated
マッシュルーム	蘑菇	s	ingredient	A	curated
マンゴチャツネ	芒果甜酸醬	s	ingredient	A	curated
マンゴー	芒果	s	ingredient	A	curated
マンゴーチャツネ	芒果甜酸醬	s	ingredient	A	curated
マーガリン	乳瑪琳	s	ingredient	A	curated
メンチカツ	炸肉餅	s	dish	A	curated
メンマ	筍乾	s	dish	A	curated
ヨーグルト	優格	s	ingredient	A	curated
ラムネ	彈珠汽水	s	drink	A	curated
ランチ	午餐	x	menu	A	curated
ランチセット	午餐套餐	x	menu	A	curated
ランチメニュー	午餐菜單	x	menu	A	curated
ラード	豬油	s	ingredient	A	curated
リンゴ	蘋果	s	ingredient	A	curated
レジ	收銀台	x	sign	A	curated
レモンサワー	檸檬沙瓦	s	drink	A	curated
一覧	一覽	s	word	A	curated
上白糖	上白糖	s	ingredient	A	curated
下がり目	下降點	s	word	A	curated
並盛	普通份	x	menu	A	curated
並盛り	普通份	x	menu	A	curated
中トロ	鮪魚中腹	s	fish	A	curated
中高型	中高型	s	word	A	curated
串カツ	炸串	s	dish	A	curated
串揚げ	炸串	s	dish	A	curated
乗り場	乘車處	x	sign	A	curated
乗り換え	轉乘	x	sign	A	curated
乗換	轉乘	x	sign	A	curated
乗換え	轉乘	x	sign	A	curated
乳化剤	乳化劑	s	additive	A	curated
乳糖	乳糖	s	ingredient	A	curated
乳製品	乳製品	s	ingredient	A	curated
乳酸カルシウム	乳酸鈣	s	additive	A	curated
乳酸菌	乳酸菌	s	ingredient	A	curated
予約席	預約席	x	sign	A	curated
人参	紅蘿蔔	x	ingredient	A	curated
今川焼き	紅豆餅	s	dish	A	curated
休憩中	休息中	x	sign	A	curated
使用中	使用中	x	sign	A	curated
例文	例句	s	word	A	curated
保存料	防腐劑	s	additive	A	curated
傷跡	傷痕	s	word	A	curated
光沢剤	光澤劑	s	additive	A	curated
入口	入口	x	sign	A	curated
入場無料	免費入場	x	sign	A	curated
全席禁煙	全面禁菸	x	sign	A	curated
全粉乳	全脂奶粉	s	ingredient	A	curated
写真撮影禁止	禁止拍照	x	sign	A	curated
冷やし中華	中華涼麵	s	dish	A	curated
冷酒	冷清酒	x	drink	A	curated
出入口	出入口	x	sign	A	curated
出口	出口	x	sign	A	curated
切符売り場	售票處	x	sign	A	curated
利用規約	使用條款	x	ui	A	curated
券売機	售票機	x	sign	A	curated
割り箸	免洗筷	x	menu	A	curated
加工でん粉	修飾澱粉	s	additive	A	curated
助詞	助詞	s	word	A	curated
化粧室	化妝室	x	sign	A	curated
単品	單點	x	menu	A	curated
単語	單字	s	word	A	curated
危険	危險	x	sign	A	curated
卵白	蛋白	s	ingredient	A	curated
卵黄	蛋黃	s	ingredient	A	curated
取り皿	小盤子	x	menu	A	curated
受付	櫃台	x	sign	A	curated
味付け玉子	溏心蛋	s	dish	A	curated
味玉	溏心蛋	s	dish	A	curated
品切れ	缺貨	x	sign	A	curated
唐揚	日式炸雞	s	dish	A	curated
唐辛子	辣椒	s	ingredient	A	curated
喜び	喜悅	s	word	A	curated
喫煙室	吸菸室	x	sign	A	curated
喫煙席	吸菸座位	x	sign	A	curated
喫煙所	吸菸區	x	sign	A	curated
喫煙禁止	禁止吸菸	s	sign	A	curated
営業中	營業中	x	sign	A	curated
団子	糰子	s	dish	A	curated
国際交流	國際交流	s	word	A	curated
土足厳禁	禁止穿鞋進入	x	sign	A	curated
増粘剤	增稠劑	s	additive	A	curated
増粘多糖類	增稠多醣類	s	additive	A	curated
売り切れ	售完	x	sign	A	curated
売切れ	售完	x	sign	A	curated
多目的トイレ	多功能廁所	x	sign	A	curated
大トロ	鮪魚大腹	s	fish	A	curated
大根	白蘿蔔	s	ingredient	A	curated
大盛	大份	x	menu	A	curated
大盛り	大份	x	menu	A	curated
安定剤	安定劑	s	additive	A	curated
完了	完成	x	ui	A	curated
完売	售完	x	sign	A	curated
寄せ鍋	什錦鍋	s	dish	A	curated
寒天	洋菜	s	ingredient	A	curated
小人	兒童	x	sign	A	curated
小麦	小麥	x	allergen	A	curated
小麦粉	麵粉	s	ingredient	A	curated
尾高型	尾高型	s	word	A	curated
巻き寿司	壽司捲	s	dish	A	curated
帆立	扇貝	s	fish	A	curated
平板型	平板型	s	word	A	curated
店長のおすすめ	店長推薦	x	menu	A	curated
引く	拉	x	sign	A	curated
悠遊カード	悠遊卡	s	word	A	curated
手巻き寿司	手捲	s	dish	A	curated
手羽先	雞翅	s	dish	A	curated
押す	推	x	sign	A	curated
持ち帰り	外帶	x	menu	A	curated
持ち込み禁止	禁止攜入	x	sign	A	curated
採択	採納	s	word	A	curated
揚げ出し豆腐	炸豆腐	s	dish	A	curated
握り寿司	握壽司	s	dish	A	curated
撮影禁止	禁止攝影	x	sign	A	curated
改札口	剪票口	x	sign	A	curated
教師向け教材	教師用教材	x	ui	A	curated
教材	教材	s	word	A	curated
文型	句型	s	word	A	curated
料理酒	料理酒	s	ingredient	A	curated
新発売	新上市	x	menu	A	curated
日替わりランチ	每日午餐	x	menu	A	curated
日替わり定食	每日特餐	x	menu	A	curated
書き順	筆順	s	word	A	curated
替え玉	加麵	x	menu	A	curated
有料	收費	x	sign	A	curated
本みりん	本味醂	s	ingredient	A	curated
本日のおすすめ	今日推薦	x	menu	A	curated
本日休業	本日公休	x	sign	A	curated
東京式	東京式	s	word	A	curated
果実	水果	s	ingredient	A	curated
果糖ぶどう糖液糖	高果糖糖漿	s	ingredient	A	curated
案内所	服務處	x	sign	A	curated
植物油脂	植物油脂	s	ingredient	A	curated
段差注意	注意高低差	x	sign	A	curated
水あめ	麥芽糖漿	s	ingredient	A	curated
水飴	麥芽糖漿	s	ingredient	A	curated
油揚げ	油豆腐皮	x	ingredient	A	curated
海老フライ	炸蝦	s	dish	A	curated
淫夢	淫夢	s	word	A	curated
満席	客滿	x	sign	A	curated
満車	車位已滿	x	sign	A	curated
準備中	準備中	x	sign	A	curated
漂白剤	漂白劑	s	additive	A	curated
漢字	漢字	s	word	A	curated
漢字プリント	漢字練習單	s	word	A	curated
漬物	醬菜	s	dish	A	curated
火気厳禁	嚴禁煙火	x	sign	A	curated
炭酸水素ナトリウム	碳酸氫鈉	s	additive	A	curated
無料	免費	x	sign	A	curated
焼うどん	炒烏龍麵	s	dish	A	curated
焼きうどん	炒烏龍麵	s	dish	A	curated
焼きそば	日式炒麵	s	dish	A	curated
焼き魚	烤魚	s	dish	A	curated
焼酎	燒酎	s	drink	A	curated
焼魚	烤魚	s	dish	A	curated
照り焼き	照燒	s	dish	A	curated
煮卵	溏心蛋	s	dish	A	curated
煮干し	小魚乾	s	ingredient	A	curated
煮物	燉煮	s	dish	A	curated
熱燗	熱清酒	s	drink	A	curated
牛すじ	牛筋	s	dish	A	curated
牛タン	牛舌	s	dish	A	curated
牛脂	牛脂	s	ingredient	A	curated
特定原材料	特定過敏原	x	allergen	A	curated
特盛	特大份	x	menu	A	curated
玉ねぎ	洋蔥	s	ingredient	A	curated
玉葱	洋蔥	s	ingredient	A	curated
現金のみ	僅收現金	x	sign	A	curated
瓶ビール	瓶裝啤酒	s	drink	A	curated
甘エビ	甜蝦	s	fish	A	curated
甘味料	甜味劑	s	additive	A	curated
甘草	甘草	s	additive	A	curated
生クリーム	鮮奶油	s	ingredient	A	curated
生姜	薑	s	ingredient	A	curated
生姜焼き	薑燒豬肉	s	dish	A	curated
画数	筆畫數	s	word	A	curated
発色剤	保色劑	s	additive	A	curated
白ワイン	白酒	s	ingredient	A	curated
着色料	著色劑	s	additive	A	curated
砂糖	砂糖	s	ingredient	A	curated
砂肝	雞胗	s	dish	A	curated
禁煙	禁菸	x	sign	A	curated
禁煙席	禁菸座位	x	sign	A	curated
税別	未稅	x	sign	A	curated
税抜	未稅	x	sign	A	curated
税抜き	未稅	x	sign	A	curated
税込	含稅	x	sign	A	curated
税込み	含稅	x	sign	A	curated
稲荷寿司	豆皮壽司	s	dish	A	curated
穴子	星鰻	s	fish	A	curated
立入禁止	禁止進入	x	sign	A	curated
精算機	補票機	x	sign	A	curated
紅麹色素	紅麴色素	s	additive	A	curated
総合問題	綜合題	s	word	A	curated
編集方針	編輯方針	x	ui	A	curated
肉うどん	牛肉烏龍麵	s	dish	A	curated
胡椒	胡椒	s	ingredient	A	curated
脱脂粉乳	脫脂奶粉	s	ingredient	A	curated
膨張剤	膨脹劑	s	additive	A	curated
臨時休業	臨時公休	x	sign	A	curated
茶碗蒸し	茶碗蒸	s	dish	A	curated
落花生	花生	x	allergen	A	curated
表現	表達	s	word	A	curated
観光案内所	觀光服務處	x	sign	A	curated
許可しない	不允許	x	ui	A	curated
許可する	允許	x	ui	A	curated
語彙	詞彙	s	word	A	curated
読み方	讀音	s	word	A	curated
読解	讀解	x	word	A	curated
読解問題	閱讀題	s	word	A	curated
調味料(アミノ酸等)	調味料（胺基酸等）	s	additive	A	curated
調味料（アミノ酸等）	調味料（胺基酸等）	s	additive	A	curated
調味料（アミノ酸）	調味料（胺基酸）	s	additive	A	curated
豚の生姜焼き	薑燒豬肉	s	dish	A	curated
豚バラ	豬五花	s	dish	A	curated
豚汁	豬肉味噌湯	s	dish	A	curated
豚肉	豬肉	x	allergen	A	curated
豚脂	豬油	s	ingredient	A	curated
貸し切り	包場	x	sign	A	curated
貸切	包場	x	sign	A	curated
赤だし	紅味噌湯	s	dish	A	curated
赤ワイン	紅酒	s	ingredient	A	curated
足元にご注意ください	請小心腳下	x	sign	A	curated
足元注意	小心腳下	x	sign	A	curated
軍艦巻き	軍艦壽司	s	dish	A	curated
送料無料	免運費	x	sign	A	curated
通り抜け禁止	禁止穿越	x	sign	A	curated
運営者情報	營運者資訊	x	ui	A	curated
酎ハイ	燒酎調酒	s	drink	A	curated
酵母エキス	酵母萃取物	s	ingredient	A	curated
酵素	酵素	s	additive	A	curated
酸化防止剤	抗氧化劑	s	additive	A	curated
酸味料	酸味劑	s	additive	A	curated
醤油	醬油	s	ingredient	A	curated
醸造酢	釀造醋	s	ingredient	A	curated
野菜	蔬菜	s	ingredient	A	curated
閉じる	關閉	x	ui	A	curated
関係者以外立ち入り禁止	非相關人員禁止進入	x	sign	A	curated
関係者以外立入禁止	非相關人員禁止進入	x	sign	A	curated
階段	樓梯	x	sign	A	curated
雑炊	雜炊	x	dish	A	curated
電子マネー	電子支付	x	sign	A	curated
非常口	緊急出口	x	sign	A	curated
頭上注意	小心碰頭	x	sign	A	curated
頭高型	頭高型	s	word	A	curated
風味調味料	風味調味料	s	ingredient	A	curated
食べ放題	吃到飽	x	menu	A	curated
食券機	餐券機	x	sign	A	curated
食品添加物	食品添加物	x	nutrition	A	curated
食塩	食鹽	s	ingredient	A	curated
食用ごま油	食用麻油	s	ingredient	A	curated
食用植物油脂	食用植物油脂	s	ingredient	A	curated
食用油脂	食用油脂	s	ingredient	A	curated
食酢	食醋	s	ingredient	A	curated
飲み放題	喝到飽	x	menu	A	curated
飲食禁止	禁止飲食	s	sign	A	curated
館内禁煙	館內禁菸	x	sign	A	curated
香の物	醬菜	s	dish	A	curated
香料	香料	s	additive	A	curated
香辛料	辛香料	s	ingredient	A	curated
香辛料抽出物	辛香料萃取物	s	additive	A	curated
馬鈴薯	馬鈴薯	s	ingredient	A	curated
駐車禁止	禁止停車	x	sign	A	curated
駐輪禁止	禁止停放自行車	x	sign	A	curated
鮪	鮪魚	x	fish	A	curated
鮭の塩焼き	鹽烤鮭魚	s	dish	A	curated
鶏卵	雞蛋	s	ingredient	A	curated
鶏肉	雞肉	x	allergen	A	curated
黒糖	黑糖	s	ingredient	A	curated
ｐＨ調整剤	酸鹼調整劑	s	additive	A	curated
エオゲ駅	兒嶺站	s	station	A	wikidata:Q128804:zh-tw
ソウル交通公社2号線	首爾地鐵2號線	s	line	A	wikidata:Q17501:zh-tw
ソウル交通公社5号線	首爾地鐵5號線	s	line	A	wikidata:Q92530:zh-tw
ソウル交通公社6号線	首爾地鐵6號線	s	line	A	wikidata:Q92549:zh-tw
ソウル交通公社7号線	首爾地鐵5號線	s	line	A	wikidata:Q22910:zh-tw
ソウル交通公社8号線	首爾地鐵8號線	s	line	A	wikidata:Q45086:zh-tw
ソウル市メトロ9号線	首爾地鐵9號線	s	line	A	wikidata:Q17503:zh-tw
ソウル駅	首爾站	s	station	A	wikidata:Q20415:zh-tw
トレードセンター前駅	貿易中心前車站	s	station	A	wikidata:Q180469:zh-tw
トロッコ亀岡駅	小火車龜岡車站	s	station	A	wikidata:Q130540:zh-tw
トロッコ保津峡駅	小火車保津峽車站	s	station	A	wikidata:Q130560:zh-tw
トロッコ嵯峨駅	小火車嵯峨車站	s	station	A	wikidata:Q130250:zh-tw
ハンティ駅	漢堤站	s	station	A	wikidata:Q46122:zh-tw
フェリーターミナル駅	渡船大樓車站	s	station	A	wikidata:Q180477:zh-tw
ポートタウン東駅	港城東車站	s	station	A	wikidata:Q180504:zh-tw
ポートタウン西駅	港城西車站	s	station	A	wikidata:Q180510:zh-tw
中ふ頭駅	中埠頭車站	s	station	A	wikidata:Q180450:zh-tw
丹波口駅	丹波口車站	s	station	A	wikidata:Q129977:zh-tw
二梅駅	二梅站	s	station	A	wikidata:Q46188:zh-tw
京阪交野線	交野線	s	line	A	wikidata:Q126015:zh-tw
住之江公園駅	住之江公園車站	s	station	A	wikidata:Q126046:zh-tw
保津峡駅	保津峽車站	s	station	A	wikidata:Q130505:zh-tw
儀明信号場	儀明號誌站	x	station	A	wikidata:Q128919:zh-tw
加山デジタル団地駅	加山數碼團地站	s	station	A	wikidata:Q54328:zh-tw
勝どき駅	勝鬨車站	s	station	A	wikidata:Q246191:zh-tw
北参道駅	北參道車站	s	station	A	wikidata:Q128322:zh-tw
千川駅	千川車站	s	station	A	wikidata:Q128304:zh-tw
千戸駅	千户站	s	station	A	wikidata:Q49094:zh-tw
南港口駅	南港口車站	s	station	A	wikidata:Q180437:zh-tw
南港東駅	南港東車站	s	station	A	wikidata:Q180517:zh-tw
南砂町駅	南砂町站	s	station	A	wikidata:Q126760:zh-tw
南行徳駅	南行德車站	s	station	A	wikidata:Q128797:zh-tw
厚別駅	厚別車站	s	station	A	wikidata:Q128528:zh-tw
原木中山駅	原木中山站	s	station	A	wikidata:Q128808:zh-tw
可楽市場駅	可樂市場站	s	station	A	wikidata:Q49096:zh-tw
吹田駅	吹田車站	s	station	A	wikidata:Q59351:zh-tw
和光市駅	和光市車站	s	station	A	wikidata:Q128298:zh-tw
嘉泉大駅	嘉泉大站	s	station	A	wikidata:Q46176:zh-tw
器興駅	器興站	s	station	A	wikidata:Q16273:zh-tw
塩倉駅	鹽倉站	s	station	A	wikidata:Q59993:zh-tw
大母山入口駅	大母山入口站	s	station	A	wikidata:Q46196:zh-tw
大池いこいの森駅	大池憩之森車站	s	station	A	wikidata:Q130526:zh-tw
大門駅	大門車站	s	station	A	wikidata:Q247129:zh-tw
太平駅	太平站	s	station	A	wikidata:Q46180:zh-tw
妙典駅	妙典站	s	station	A	wikidata:Q128795:zh-tw
宝亭駅	宝亭站	s	station	A	wikidata:Q46203:zh-tw
富川駅	富川站	s	station	A	wikidata:Q246638:zh-tw
小田急小田原線	小田原線	s	line	A	wikidata:Q135176:zh-tw
小竹向原駅	小竹向原車站	s	station	A	wikidata:Q93684:zh-tw
岩出山駅	岩出山車站	s	station	A	wikidata:Q247559:zh-tw
岩寺駅	岩寺站	s	station	A	wikidata:Q49093:zh-tw
岩本町駅	岩本町站	s	station	A	wikidata:Q128319:zh-tw
川崎駅	川崎車站	s	station	A	wikidata:Q80562:zh-tw
市庁駅	市廳站	s	station	A	wikidata:Q246660:zh-tw
平林駅	平林車站	s	station	A	wikidata:Q180457:zh-tw
平野駅	平野車站	s	station	A	wikidata:Q135184:zh-tw
弘大入口駅	弘大入口站	s	station	A	wikidata:Q54267:zh-tw
志茂駅	志茂車站	s	station	A	wikidata:Q151416:zh-tw
教大駅	教大站	s	station	A	wikidata:Q49099:zh-tw
新子安駅	新子安車站	s	station	A	wikidata:Q128314:zh-tw
新宿西口駅	新宿西口車站	s	station	A	wikidata:Q246198:zh-tw
新深江駅	新深江站	s	station	A	wikidata:Q126056:zh-tw
新葛駅	新葛站	s	station	A	wikidata:Q46209:zh-tw
新道林駅	新道林站	s	station	A	wikidata:Q43298:zh-tw
曙橋駅	曙橋站	s	station	A	wikidata:Q128308:zh-tw
書峴駅	書峴站	s	station	A	wikidata:Q46190:zh-tw
月島駅	月島車站	s	station	A	wikidata:Q112337:zh-tw
有備館駅	有備館車站	s	station	A	wikidata:Q247618:zh-tw
朝熊駅	朝熊站	s	station	A	wikidata:Q94676:zh-tw
木場駅	木場站	s	station	A	wikidata:Q126770:zh-tw
本駒込駅	本駒込車站	s	station	A	wikidata:Q151419:zh-tw
東京臨海高速鉄道りんかい線	臨海線	s	line	A	wikidata:Q225095:zh-tw
東大崎駅	東大崎車站	s	station	A	wikidata:Q247576:zh-tw
東大門歴史文化公園駅	東大門歷史文化公園站	s	station	A	wikidata:Q129579:zh-tw
東新宿駅	東新宿車站	s	station	A	wikidata:Q112503:zh-tw
東神奈川駅	東神奈川車站	s	station	A	wikidata:Q128205:zh-tw
東陽町駅	東陽町站	s	station	A	wikidata:Q126765:zh-tw
桜川駅	櫻川站	s	station	A	wikidata:Q126339:zh-tw
梧琴駅	梧琴站	s	station	A	wikidata:Q49095:zh-tw
森下駅	森下車站	s	station	A	wikidata:Q112723:zh-tw
森林公園駅	森林公園車站	s	station	A	wikidata:Q128527:zh-tw
武蔵境駅	武藏境車站	s	station	A	wikidata:Q137550:zh-tw
水西駅	水西站	s	station	A	wikidata:Q46157:zh-tw
氷川台駅	冰川台站	s	station	A	wikidata:Q93680:zh-tw
池袋駅	池袋車站	s	station	A	wikidata:Q173919:zh-tw
洗馬駅	洗馬站	s	station	A	wikidata:Q137240:zh-tw
浜町駅	濱町站	s	station	A	wikidata:Q128403:zh-tw
深江橋駅	深江橋車站	s	station	A	wikidata:Q126032:zh-tw
牛込柳町駅	牛込柳町車站	s	station	A	wikidata:Q247099:zh-tw
牛込神楽坂駅	牛込神樂坂車站	s	station	A	wikidata:Q246195:zh-tw
牡丹駅	牡丹站	s	station	A	wikidata:Q46184:zh-tw
玉水駅	玉水站	s	station	A	wikidata:Q34696:zh-tw
王子神谷駅	王子神谷車站	s	station	A	wikidata:Q151406:zh-tw
瑞光四丁目駅	瑞光四丁目車站	s	station	A	wikidata:Q180497:zh-tw
白金台駅	白金台車站	s	station	A	wikidata:Q112357:zh-tw
白金高輪駅	白金高輪站	s	station	A	wikidata:Q112323:zh-tw
直江津駅	直江津車站	s	station	A	wikidata:Q130065:zh-tw
福井駅	福井站	s	station	A	wikidata:Q46170:zh-tw
築地市場駅	築地市場車站	s	station	A	wikidata:Q246180:zh-tw
細柳駅	細柳站	s	station	A	wikidata:Q54308:zh-tw
網浦駅	網浦站	s	station	A	wikidata:Q218358:zh-tw
美佐島駅	美佐島車站	s	station	A	wikidata:Q130029:zh-tw
美金駅	美金站	s	station	A	wikidata:Q46193:zh-tw
舎堂駅	舍堂站	s	station	A	wikidata:Q49098:zh-tw
若松河田駅	若松河田車站	s	station	A	wikidata:Q246173:zh-tw
葛西駅	葛西站	s	station	A	wikidata:Q126762:zh-tw
蔵前駅	藏前車站	s	station	A	wikidata:Q112348:zh-tw
薮内駅	薮内站	s	station	A	wikidata:Q46201:zh-tw
行徳駅	行德站	s	station	A	wikidata:Q128806:zh-tw
西ケ原駅	西原車站	s	station	A	wikidata:Q151561:zh-tw
西大崎駅	西大崎車站	s	station	A	wikidata:Q247570:zh-tw
西新宿駅	西新宿車站	s	station	A	wikidata:Q138555:zh-tw
西早稲田駅	西早稻田車站	s	station	A	wikidata:Q128305:zh-tw
西東灘駅	西東灘站	s	station	A	wikidata:Q54310:zh-tw
西梅田駅	西梅田車站	s	station	A	wikidata:Q126023:zh-tw
西武拝島線	拜島線	s	line	A	wikidata:Q211575:zh-tw
西武新宿線	新宿線	s	line	A	wikidata:Q195685:zh-tw
西武新宿駅	西武新宿站	s	station	A	wikidata:Q167299:zh-tw
西武池袋線	池袋線	s	line	A	wikidata:Q93546:zh-tw
西船橋駅	西船橋車站	s	station	A	wikidata:Q128803:zh-tw
西葛西駅	西葛西站	s	station	A	wikidata:Q126768:zh-tw
要町駅	要町車站	s	station	A	wikidata:Q128296:zh-tw
赤倉信号場	赤倉號誌站	x	station	A	wikidata:Q130110:zh-tw
赤羽岩淵駅	赤羽岩淵車站	s	station	A	wikidata:Q151409:zh-tw
赤羽橋駅	赤羽橋車站	s	station	A	wikidata:Q246176:zh-tw
道谷駅	道谷站	s	station	A	wikidata:Q46133:zh-tw
都庁前駅	都廳前車站	s	station	A	wikidata:Q246186:zh-tw
野塔駅	野塔站	s	station	A	wikidata:Q46186:zh-tw
鐘路3街駅	鍾路3街站	s	station	A	wikidata:Q79977:zh-tw
鐘路5街駅	鍾路5街站	s	station	A	wikidata:Q79979:zh-tw
鐘閣駅	鐘閣站	s	station	A	wikidata:Q246645:zh-tw
長旨駅	長旨站	s	station	A	wikidata:Q75348:zh-tw
長田駅	長田車站	s	station	A	wikidata:Q126064:zh-tw
開浦洞駅	开浦洞站	s	station	A	wikidata:Q46331:zh-tw
阪急箕面線	箕面線	s	line	A	wikidata:Q246334:zh-tw
雑司が谷駅	雜司谷車站	s	station	A	wikidata:Q128312:zh-tw
餅店駅	餅店站	s	station	A	wikidata:Q54309:zh-tw
首都圏電鉄1号線	首都圈電鐵1號線	s	line	A	wikidata:Q20280:zh-tw
馬喰横山駅	馬喰橫山站	s	station	A	wikidata:Q128303:zh-tw
駒城駅	驹城站	s	station	A	wikidata:Q46207:zh-tw
高井田駅	高井田車站	s	station	A	wikidata:Q126027:zh-tw
魚沼丘陵駅	魚沼丘陵車站	s	station	A	wikidata:Q128916:zh-tw
鴫野駅	鴫野車站	s	station	A	wikidata:Q180485:zh-tw
鶴洞駅	鶴洞站	s	station	A	wikidata:Q68914:zh-tw
鶴見駅	鶴見車站	s	station	A	wikidata:Q128164:zh-tw
麻布十番駅	麻布十番車站	s	station	A	wikidata:Q112382:zh-tw
龍山駅	龍山站	s	station	A	wikidata:Q20416:zh-tw
グラバー園	哥拉巴園	s	landmark	A	wikidata:Q63465:zh-tw
冠岳区	冠岳區	x	place	A	wikidata:Q50353:zh-tw
勧善区	勸善區	x	place	A	wikidata:Q50357:zh-tw
平和公園	和平公園	s	landmark	A	wikidata:Q93490:zh-tw
日本二十六聖人記念館	日本二十六聖人紀念館	x	landmark	A	wikidata:Q84029:zh-tw
東京スカイツリー	東京晴空塔	s	landmark	A	wikidata:Q57965:zh-tw
東京タワー	東京鐵塔	s	landmark	A	wikidata:Q183536:zh-tw
東京国際空港	羽田機場	s	landmark	A	wikidata:Q204853:zh-tw
鍾路区	鐘路區	x	place	A	wikidata:Q36929:zh-tw
長崎歴史文化博物館	長崎歷史文化博物館	s	landmark	A	wikidata:Q73613:zh-tw
長崎空港	長崎機場	s	landmark	A	wikidata:Q133796:zh-tw
関西国際空港	關西國際機場	s	landmark	A	wikidata:Q193682:zh-tw
鹽竈神社	鹽竈神社	s	landmark	A	wikidata:Q133753:zh-tw
ふかひれスープ	魚翅湯	s	dish	A	wikidata:Q26081:zh-tw
アイスクリーム	冰淇淋	s	dish	A	wikidata:Q13233:zh-tw
アブサン	苦艾酒	s	drink	A	wikidata:Q170210:zh-tw
アールグレイ	格雷伯爵茶	s	drink	A	wikidata:Q207788:zh-tw
エスプレッソ	濃縮咖啡	s	drink	A	wikidata:Q180289:zh-tw
エール	艾爾啤酒	s	drink	A	wikidata:Q208385:zh-tw
カクテル	雞尾酒	s	drink	A	wikidata:Q134768:zh-tw
カプチーノ	卡布奇諾	s	drink	A	wikidata:Q159774:zh-tw
カヤジャム	咖央醬	s	dish	A	wikidata:Q94835:zh-tw
カレー	咖哩	s	dish	A	wikidata:Q164606:zh-tw
ガスパチョ	西班牙凍湯	s	dish	A	wikidata:Q202677:zh-tw
ガドガド	加多加多	s	dish	A	wikidata:Q209304:zh-tw
キムチ	韓式泡菜	s	dish	A	wikidata:Q141898:zh-tw
キャビア	魚子醬	s	dish	A	wikidata:Q186385:zh-tw
キャラメル	焦糖	s	dish	A	wikidata:Q183440:zh-tw
キャンディ	糖果	s	dish	A	wikidata:Q185583:zh-tw
ギネス	健力士	s	drink	A	wikidata:Q194297:zh-tw
クグロフ	奶油圓蛋糕	s	dish	A	wikidata:Q159754:zh-tw
クッキー	曲奇餅	s	dish	A	wikidata:Q13266:zh-tw
クナーファ	庫納法	s	dish	A	wikidata:Q219123:zh-tw
クレープ	可麗餅	s	dish	A	wikidata:Q12200:zh-tw
クロケット	可樂餅	s	dish	A	wikidata:Q70125:zh-tw
クロックマダム	法式吐司	s	dish	A	wikidata:Q746:zh-tw
クロワッサン	牛角麵包	s	dish	A	wikidata:Q207832:zh-tw
クワス	克瓦斯	s	drink	A	wikidata:Q173773:zh-tw
グヤーシュ	匈牙利湯	s	dish	A	wikidata:Q205762:zh-tw
ケチャップ	番茄醬	s	dish	A	wikidata:Q178143:zh-tw
ケバブ	卡博串	s	dish	A	wikidata:Q179010:zh-tw
ケフィア	克非爾	s	drink	A	wikidata:Q185749:zh-tw
ケーキ	蛋糕	s	dish	A	wikidata:Q13276:zh-tw
コーヒー	咖啡	s	drink	A	wikidata:Q8486:zh-tw
サラダ	沙拉	s	dish	A	wikidata:Q9266:zh-tw
サンドイッチ	三明治	s	dish	A	wikidata:Q28803:zh-tw
ザッハトルテ	薩赫蛋糕	s	dish	A	wikidata:Q131442:zh-tw
シャンパン	香檳酒	s	drink	A	wikidata:Q134862:zh-tw
シャーベット	雪酪	s	dish	A	wikidata:Q13302:zh-tw
シードル	蘋果酒	s	drink	A	wikidata:Q167296:zh-tw
スコール	獅威	s	drink	A	wikidata:Q152532:zh-tw
スタウト	司陶特啤酒	s	drink	A	wikidata:Q217825:zh-tw
スプライト	雪碧	s	drink	A	wikidata:Q206978:zh-tw
タコス	塔可餅	s	dish	A	wikidata:Q191655:zh-tw
チキンマックナゲット	麥克雞塊	s	dish	A	wikidata:Q135888:zh-tw
チューインガム	口香糖	s	dish	A	wikidata:Q130878:zh-tw
チョコレート	巧克力	s	dish	A	wikidata:Q195:zh-tw
チーズケーキ	乳酪蛋糕	s	dish	A	wikidata:Q215348:zh-tw
ティラミス	提拉米蘇	s	dish	A	wikidata:Q131582:zh-tw
テキーラ	龍舌蘭酒	s	drink	A	wikidata:Q122195:zh-tw
トニックウォーター	通寧水	s	drink	A	wikidata:Q237315:zh-tw
トブラローネ	瑞士三角牌巧克力	s	dish	A	wikidata:Q215707:zh-tw
トルテ	德式蛋糕	s	dish	A	wikidata:Q130186:zh-tw
トースト	烤吐司	s	dish	A	wikidata:Q6128:zh-tw
ドンドゥルマ	土耳其冰淇淋	s	dish	A	wikidata:Q141293:zh-tw
ドーナツ	甜甜圈	s	dish	A	wikidata:Q192783:zh-tw
ニンジン	胡蘿蔔	s	dish	A	wikidata:Q81:zh-tw
ヌガー	牛軋糖	s	dish	A	wikidata:Q208729:zh-tw
ヌテラ	能多益	s	dish	A	wikidata:Q212193:zh-tw
ハギス	肉餡羊肚	s	dish	A	wikidata:Q209500:zh-tw
ハム	火腿	x	dish	A	wikidata:Q170486:zh-tw
ハルヴァ	哈爾瓦甜食	s	dish	A	wikidata:Q183599:zh-tw
ハンバーガー	漢堡	s	dish	A	wikidata:Q6663:zh-tw
バクラヴァ	果仁蜜餅	s	dish	A	wikidata:Q187495:zh-tw
バゲット	法式長棍麵包	s	dish	A	wikidata:Q208172:zh-tw
バターミルク	酪漿	s	drink	A	wikidata:Q106612:zh-tw
バナナスプリット	香蕉船	s	dish	A	wikidata:Q245752:zh-tw
パエリア	西班牙大鍋飯	s	dish	A	wikidata:Q212121:zh-tw
パスタ	義大利麵食	s	dish	A	wikidata:Q178:zh-tw
パスティ	康沃爾肉餡餅	s	dish	A	wikidata:Q126777:zh-tw
パン	麵包	x	dish	A	wikidata:Q7802:zh-tw
ビスケット	餅乾	s	dish	A	wikidata:Q13270:zh-tw
ビール	啤酒	s	drink	A	wikidata:Q44:zh-tw
ピザ	披薩	x	dish	A	wikidata:Q177:zh-tw
ピタ	皮塔餅	x	dish	A	wikidata:Q211340:zh-tw
ピルスナー	皮爾森啤酒	s	drink	A	wikidata:Q152281:zh-tw
ファストフード	速食	s	dish	A	wikidata:Q81799:zh-tw
ファラフェル	中東蔬菜球	s	dish	A	wikidata:Q188788:zh-tw
ファンタ	芬達	s	drink	A	wikidata:Q9935:zh-tw
フェットゥチーネ	緞帶麵	s	dish	A	wikidata:Q20032:zh-tw
フェーダーヴァイサー	德國羽毛白酒	s	drink	A	wikidata:Q22996:zh-tw
フルーツサラダ	雜果沙律	s	dish	A	wikidata:Q152834:zh-tw
フレンチトースト	法式吐司	s	dish	A	wikidata:Q197973:zh-tw
ブランデー	白蘭地	s	drink	A	wikidata:Q146470:zh-tw
プディング	布丁	s	dish	A	wikidata:Q9053:zh-tw
プレッツェル	椒鹽卷餅	s	dish	A	wikidata:Q160525:zh-tw
ベルモット	香艾酒	s	drink	A	wikidata:Q231088:zh-tw
ペプシコーラ	百事可樂	s	drink	A	wikidata:Q47719:zh-tw
ペロペロキャンディ	棒棒糖	s	dish	A	wikidata:Q217446:zh-tw
ホットドック	熱狗	s	dish	A	wikidata:Q181055:zh-tw
ポップコーン	爆米花	s	dish	A	wikidata:Q165112:zh-tw
ポテトチップス	洋芋片	s	dish	A	wikidata:Q173265:zh-tw
ポリッジ	餬	s	dish	A	wikidata:Q186817:zh-tw
ポレンタ	波倫塔	s	dish	A	wikidata:Q131607:zh-tw
ポートワイン	波特酒	s	drink	A	wikidata:Q191034:zh-tw
マテ	瑪黛	x	drink	A	wikidata:Q203540:zh-tw
マフィン	瑪芬	s	dish	A	wikidata:Q207220:zh-tw
ミルクセーキ	奶昔	s	drink	A	wikidata:Q37159:zh-tw
ムサカ	木莎卡	s	dish	A	wikidata:Q206918:zh-tw
メルロー	梅洛葡萄	s	drink	A	wikidata:Q213338:zh-tw
ラタトゥイユ	普羅旺斯雜燴	s	dish	A	wikidata:Q183095:zh-tw
ラム酒	蘭姆酒	s	drink	A	wikidata:Q83376:zh-tw
リキュール	利口酒	s	drink	A	wikidata:Q178780:zh-tw
リゾット	義大利燉飯	s	dish	A	wikidata:Q208105:zh-tw
レッドブル	紅牛	s	drink	A	wikidata:Q51482:zh-tw
ロクム	土耳其軟糖	s	dish	A	wikidata:Q182339:zh-tw
ワッフル	格子鬆餅	s	dish	A	wikidata:Q375:zh-tw
初乳	牛初乳	x	drink	A	wikidata:Q192746:zh-tw
刺身	生魚片	x	dish	A	wikidata:Q190715:zh-tw
栄養ドリンク	能量飲料	s	drink	A	wikidata:Q215754:zh-tw
湯円	湯圓	x	dish	A	wikidata:Q115474:zh-tw
白ビール	小麥啤酒	s	drink	A	wikidata:Q131413:zh-tw
聖餅	聖體	x	dish	A	wikidata:Q207104:zh-tw
蒸留酒	蒸餾酒	x	drink	A	wikidata:Q56139:zh-tw
豆乳	豆奶	x	dish	A	wikidata:Q192199:zh-tw
鰹節	柴魚	x	dish	A	wikidata:Q113739:zh-tw
𰻞𰻞麺	𰻞𰻞麵	s	dish	A	wikidata:Q213105:zh-tw
もち米	糯稻	s	food	A	wikidata:Q115443:zh-tw
アナナス属	鳳梨屬	s	food	A	wikidata:Q147316:zh-tw
アルガンオイル	阿甘油	s	food	A	wikidata:Q45418:zh-tw
イシビラメ	瘤棘鮃	s	food	A	wikidata:Q217329:zh-tw
イヌリン	菊粉	s	food	A	wikidata:Q201552:zh-tw
ウィンターサラミ	冬季莎樂美腸	s	food	A	wikidata:Q148052:zh-tw
ウイキョウ	茴香	s	food	A	wikidata:Q43511:zh-tw
エンバク	燕麥	s	food	A	wikidata:Q12104:zh-tw
オノブリキス属	驢豆屬	s	food	A	wikidata:Q156932:zh-tw
オールスパイス	多香果	s	food	A	wikidata:Q158468:zh-tw
カカオ豆	可可豆	s	food	A	wikidata:Q208008:zh-tw
カボチャ	南瓜	s	food	A	wikidata:Q165308:zh-tw
カマンベール	卡芒貝爾乾酪	s	food	A	wikidata:Q131480:zh-tw
ガストロノミー	美食學	s	food	A	wikidata:Q171141:zh-tw
キャッサバ	樹薯	s	food	A	wikidata:Q83124:zh-tw
キュウリ	胡瓜	s	food	A	wikidata:Q23425:zh-tw
キンレンカ	金蓮花	s	food	A	wikidata:Q156288:zh-tw
クネーデル	馬鈴薯丸子	s	food	A	wikidata:Q158382:zh-tw
クリーム	鮮奶油	s	food	A	wikidata:Q13228:zh-tw
クルミ	胡桃	s	food	A	wikidata:Q208021:zh-tw
コダラ	黑線鱈	s	food	A	wikidata:Q202406:zh-tw
コリアンダー	芫荽	s	food	A	wikidata:Q41611:zh-tw
コーヒー豆	咖啡豆	s	food	A	wikidata:Q153697:zh-tw
ゴルゴンゾーラ	古岡左拉起司	s	food	A	wikidata:Q209044:zh-tw
サツマイモ	甘藷	s	food	A	wikidata:Q37937:zh-tw
サテ	沙嗲	x	food	A	wikidata:Q209253:zh-tw
サトイモ	芋	s	food	A	wikidata:Q227997:zh-tw
サメ	鯊總目	x	food	A	wikidata:Q7372:zh-tw
サラミ	莎樂美腸	s	food	A	wikidata:Q188655:zh-tw
サルサ	莎莎醬	s	food	A	wikidata:Q249114:zh-tw
サワーソップ	刺果番荔枝	s	food	A	wikidata:Q192147:zh-tw
ザボン	柚子	s	food	A	wikidata:Q80024:zh-tw
ザワークラウト	德國酸菜	s	food	A	wikidata:Q154166:zh-tw
シイラ	鬼頭刀	s	food	A	wikidata:Q14443:zh-tw
シャクヤク	芍藥	s	food	A	wikidata:Q163076:zh-tw
スイカ	西瓜	s	food	A	wikidata:Q38645:zh-tw
スグリ属	茶藨子屬	s	food	A	wikidata:Q22691:zh-tw
ステーキ	肉排	s	food	A	wikidata:Q213062:zh-tw
ストロー	吸管	s	food	A	wikidata:Q189211:zh-tw
スペルトコムギ	斯佩耳特小麥	s	food	A	wikidata:Q158767:zh-tw
ズッキーニ	西葫蘆	s	food	A	wikidata:Q7533:zh-tw
セイヨウスモモ	歐洲李	s	food	A	wikidata:Q44120:zh-tw
ソース	醬	s	food	A	wikidata:Q178359:zh-tw
ソーセージ	香腸	s	food	A	wikidata:Q131419:zh-tw
タイセイヨウサケ	大西洋鮭	s	food	A	wikidata:Q188879:zh-tw
タラ	鱈科	x	food	A	wikidata:Q208028:zh-tw
チャノキ	茶樹	s	food	A	wikidata:Q101815:zh-tw
チンゲンサイ	青江菜	s	food	A	wikidata:Q165178:zh-tw
デンプン	澱粉	s	food	A	wikidata:Q41534:zh-tw
デンマーク産ブルーチーズ	丹麥藍起司	s	food	A	wikidata:Q165855:zh-tw
ドッグフード	犬糧	s	food	A	wikidata:Q38420:zh-tw
ドラゴンフルーツ	火龍果	s	food	A	wikidata:Q232755:zh-tw
ドリアン	榴槤	s	food	A	wikidata:Q134185:zh-tw
ナス	茄	x	food	A	wikidata:Q7540:zh-tw
ニシン属	鯡屬	s	food	A	wikidata:Q209907:zh-tw
ネギ	蔥	x	food	A	wikidata:Q27938:zh-tw
ハシシ	哈希什	s	food	A	wikidata:Q151980:zh-tw
バジル	羅勒	s	food	A	wikidata:Q38859:zh-tw
バラ属	薔薇屬	s	food	A	wikidata:Q34687:zh-tw
バルサミコ酢	義大利香醋	s	food	A	wikidata:Q170037:zh-tw
パン生地	生麵團	s	food	A	wikidata:Q178024:zh-tw
パーム油	棕櫚油	s	food	A	wikidata:Q231458:zh-tw
ヒラタケ	糙皮側耳	s	food	A	wikidata:Q186451:zh-tw
ビーポーレン	蜂花粉	s	food	A	wikidata:Q169822:zh-tw
フォンデュ	融漿火鍋	s	food	A	wikidata:Q190531:zh-tw
ブドウ	葡萄	s	food	A	wikidata:Q10978:zh-tw
ブロッコリー	青花菜	s	food	A	wikidata:Q47722:zh-tw
プランテン	大蕉	s	food	A	wikidata:Q165449:zh-tw
ベシャメルソース	白汁	s	food	A	wikidata:Q209974:zh-tw
ベニザケ	紅鮭	s	food	A	wikidata:Q44064:zh-tw
ホウレンソウ	菠菜	s	food	A	wikidata:Q81464:zh-tw
ホップ	蛇麻	s	food	A	wikidata:Q104212:zh-tw
ボンチェスターチーズ	邦切斯特乾酪	s	food	A	wikidata:Q135178:zh-tw
ポン菓子	米香	s	food	A	wikidata:Q154092:zh-tw
マスカルポーネ	馬斯卡彭起司	s	food	A	wikidata:Q209889:zh-tw
マスタード	芥末醬	s	food	A	wikidata:Q131748:zh-tw
マナ	嗎哪	x	food	A	wikidata:Q241156:zh-tw
マヨネーズ	美乃滋	s	food	A	wikidata:Q167893:zh-tw
ミカン属	柑橘屬	s	food	A	wikidata:Q81513:zh-tw
モルタデッラ	義式肉腸	s	food	A	wikidata:Q169757:zh-tw
ヤシ油	椰子油	s	food	A	wikidata:Q216235:zh-tw
ヨーロッパイエコオロギ	家蟋蟀	s	food	A	wikidata:Q27711:zh-tw
ヨーロッパイガイ	紫殼菜蛤	s	food	A	wikidata:Q27855:zh-tw
ヨーロッパヘダイ	金頭鯛	s	food	A	wikidata:Q237046:zh-tw
ラムソン	熊蔥	s	food	A	wikidata:Q130882:zh-tw
リコッタ	里科塔奶酪	s	food	A	wikidata:Q216781:zh-tw
レタス	萵苣	s	food	A	wikidata:Q83193:zh-tw
ロックフォール	羅克福乾酪	s	food	A	wikidata:Q189221:zh-tw
ローヤルゼリー	蜂王漿	s	food	A	wikidata:Q202501:zh-tw
ワカモレ	酪梨醬	s	food	A	wikidata:Q207968:zh-tw
ワスレグサ属	萱草屬	s	food	A	wikidata:Q156275:zh-tw
抗酸化物質	抗氧化劑	x	food	A	wikidata:Q133948:zh-tw
松の実	松子	s	food	A	wikidata:Q212933:zh-tw
沙茶醤	沙茶醬	x	food	A	wikidata:Q60365:zh-tw
海産物	海鮮	x	food	A	wikidata:Q192935:zh-tw
粉砂糖	糖粉	x	food	A	wikidata:Q151070:zh-tw
緩衝液	緩衝溶液	x	food	A	wikidata:Q208465:zh-tw
蜜蝋	蜂蠟	x	food	A	wikidata:Q143739:zh-tw
豆果	莢果	x	food	A	wikidata:Q145909:zh-tw
食物繊維	膳食纖維	x	food	A	wikidata:Q215210:zh-tw
コムギ属	小麥屬	s	ingredient	A	wikidata:Q12106:zh-tw
サゴ	西米	x	ingredient	A	wikidata:Q218778:zh-tw
サトウヤシ	桄榔	s	ingredient	A	wikidata:Q227984:zh-tw
タマリンド	羅望子	s	ingredient	A	wikidata:Q80235:zh-tw
チョウザメ	鱘科	s	ingredient	A	wikidata:Q181871:zh-tw
トウモロコシ	玉蜀黍	s	ingredient	A	wikidata:Q11575:zh-tw
パラミツ	波羅蜜	s	fruit	A	wikidata:Q45757:zh-tw
ブリーク	歐白魚	s	ingredient	A	wikidata:Q200473:zh-tw
ローズオイル	薔薇花油	s	ingredient	A	wikidata:Q83054:zh-tw
紅藻	紅藻門	x	ingredient	A	wikidata:Q103169:zh-tw
うどん	烏龍麵	x	builtin	A	builtin
お好み焼き	大阪燒	s	builtin	A	builtin
お通し代	小菜費	s	builtin	A	builtin
そば	蕎麥麵	x	builtin	A	builtin
たこ焼き	章魚燒	s	builtin	A	builtin
つけ麺	沾麵	s	builtin	A	builtin
とんかつ	炸豬排	x	builtin	A	builtin
とんこつラーメン	豚骨拉麵	s	builtin	A	builtin
カツ丼	豬排蓋飯	s	builtin	A	builtin
カレーライス	咖哩飯	s	builtin	A	builtin
ライス	白飯	s	builtin	A	builtin
ラーメン	拉麵	s	builtin	A	builtin
味噌ラーメン	味噌拉麵	s	builtin	A	builtin
唐揚げ	日式炸雞	s	builtin	A	builtin
唐揚げ定食	日式炸雞定食	s	builtin	A	builtin
塩ラーメン	鹽味拉麵	s	builtin	A	builtin
天ぷら	天婦羅	s	builtin	A	builtin
天ぷらそば	天婦羅蕎麥麵	s	builtin	A	builtin
焼き鳥	烤雞肉串	s	builtin	A	builtin
生ビール	生啤酒	s	builtin	A	builtin
醤油ラーメン	醬油拉麵	s	builtin	A	builtin
ソウルの森駅	首爾森林站	s	station	B	wikidata:Q24058:zh-hant
ソウルメトロ3号線	首爾地鐵3號線	s	line	B	wikidata:Q20391:zh-hant
ソウル交通公社4号線	首爾地鐵4號線	s	line	B	wikidata:Q92502:zh-hant
ソウル駅駅	首爾站	s	station	B	wikidata:Q137326:zh-hant
ソンバウィ駅	禪巖站	s	station	B	wikidata:Q50007:zh-hant
ヨンシンネ駅	延新川站	s	station	B	wikidata:Q79956:zh-hant
上鳳駅	上鳳站	s	station	B	wikidata:Q49995:zh-hant
中浪駅	中浪站	s	station	B	wikidata:Q50004:zh-hant
中谷駅	中谷站	s	station	B	wikidata:Q68817:zh-hant
光明駅	光明站	s	station	B	wikidata:Q20950:zh-hant
加平駅	加平站	s	station	B	wikidata:Q49982:zh-hant
南営駅	南營站	s	station	B	wikidata:Q137143:zh-hant
名古屋駅	名古屋站	s	station	B	wikidata:Q49381:zh-hant
坪内好坪駅	坪內好坪站	s	station	B	wikidata:Q49980:zh-hant
大成里駅	大成裡站	s	station	B	wikidata:Q49973:zh-hant
大田駅	大田站	s	station	B	wikidata:Q20919:zh-hant
宣陵駅	宣陵站	s	station	B	wikidata:Q20204:zh-hant
島松駅	島松站	s	station	B	wikidata:Q59338:zh-hant
常陸多賀駅	常陸多賀車站	s	station	B	wikidata:Q40081:zh-hant
忘憂駅	忘憂站	s	station	B	wikidata:Q49994:zh-hant
忠州駅	忠州站	s	station	B	wikidata:Q50014:zh-hant
思陵駅	思陵站	s	station	B	wikidata:Q49986:zh-hant
恵み野駅	惠野站	s	station	B	wikidata:Q59340:zh-hant
恵庭駅	惠庭站	s	station	B	wikidata:Q59452:zh-hant
新昌駅	新昌站	s	station	B	wikidata:Q167613:zh-hant
東大邱駅	東大邱站	s	station	B	wikidata:Q54288:zh-hant
東武アーバンパークライン	野田線	s	line	B	wikidata:Q76804:zh-hant
松下駅	松下站	s	station	B	wikidata:Q93433:zh-hant
松屋町駅	松屋町站	s	station	B	wikidata:Q126080:zh-hant
水落山駅	水落山站	s	station	B	wikidata:Q68660:zh-hant
江南駅	江南站	s	station	B	wikidata:Q201473:zh-hant
清凉里駅	清涼裡站	s	station	B	wikidata:Q20417:zh-hant
清平駅	清平站	s	station	B	wikidata:Q49972:zh-hant
狎鴎亭ロデオ駅	狎鷗亭羅德奧站	s	station	B	wikidata:Q46073:zh-hant
磨石駅	磨石站	s	station	B	wikidata:Q49978:zh-hant
端岡駅	端岡車站	s	station	B	wikidata:Q98825:zh-hant
落星垈駅	落星垈站	s	station	B	wikidata:Q50010:zh-hant
葛梅駅	葛梅站	s	station	B	wikidata:Q49992:zh-hant
西武多摩湖線	多摩湖線	s	line	B	wikidata:Q218649:zh-hant
退渓院駅	退溪院站	s	station	B	wikidata:Q49990:zh-hant
都羅山駅	都羅山站	s	station	B	wikidata:Q50011:zh-hant
釜山-金海軽電鉄	釜山-金海輕軌電鐵	s	line	B	wikidata:Q87056:zh-hant
釜山駅	釜山站	s	station	B	wikidata:Q53118:zh-hant
鉄山駅	鐵山站	s	station	B	wikidata:Q69018:zh-hant
長原駅	長原站	s	station	B	wikidata:Q151508:zh-hant
首都圏電鉄3号線	首都圈電鐵3號線	s	line	B	wikidata:Q20393:zh-hant
高速ターミナル駅	高速巴士客運站	s	station	B	wikidata:Q20941:zh-hant
黔岩駅	黔巖站	s	station	B	wikidata:Q54257:zh-hant
仁川国際空港	仁川國際機場	s	landmark	B	wikidata:Q20932:zh-hant
峰悧冨神社	峰悧富神社	s	landmark	B	wikidata:Q94057:zh-hant
広島空港	廣島機場	s	landmark	B	wikidata:Q82240:zh-hant
成田国際空港	成田國際機場	s	landmark	B	wikidata:Q36454:zh-hant
藤崎八旛宮	藤崎八幡宮	x	landmark	B	wikidata:Q167146:zh-hant
あいすくりーむ	冰淇淋	x	dish	B	wikidata:Q13233:zh-tw:alias
うすくち醤油	醬油	s	dish	B	wikidata:Q229385:zh-tw:alias
お刺身	生魚片	s	dish	B	wikidata:Q190715:zh-tw:alias
お寿司	壽司	s	dish	B	wikidata:Q46383:zh-tw:alias
お茶	茶	x	drink	B	wikidata:Q6097:zh-tw:alias
げっぺい	月餅	x	dish	B	wikidata:Q197969:zh-tw:alias
こいくち醤油	醬油	s	dish	B	wikidata:Q229385:zh-tw:alias
さいしこみ醤油	醬油	s	dish	B	wikidata:Q229385:zh-tw:alias
しようゆ	醬油	x	dish	B	wikidata:Q229385:zh-tw:alias
しろ醤油	醬油	s	dish	B	wikidata:Q229385:zh-tw:alias
せんべい	煎餅	x	dish	B	wikidata:Q198788:zh-tw:alias
せんべえ	煎餅	x	dish	B	wikidata:Q198788:zh-tw:alias
らーめん	日本拉麵	x	dish	B	wikidata:Q234646:zh-tw:alias
りんご酒	蘋果酒	s	drink	B	wikidata:Q167296:zh-tw:alias
わっふる	格子鬆餅	x	dish	B	wikidata:Q375:zh-tw:alias
アイスティー	紅茶	s	drink	B	wikidata:Q203415:zh-tw:alias
アイラン	愛蘭	s	dish	B	wikidata:Q192892:zh-hant
アブサント	苦艾酒	s	drink	B	wikidata:Q170210:zh-tw:alias
アブシンス	苦艾酒	s	drink	B	wikidata:Q170210:zh-tw:alias
アプサン	苦艾酒	s	drink	B	wikidata:Q170210:zh-tw:alias
アプサント	苦艾酒	s	drink	B	wikidata:Q170210:zh-tw:alias
アールグレー	格雷伯爵茶	s	drink	B	wikidata:Q207788:zh-tw:alias
イタチコーヒー	麝香貓咖啡	s	drink	B	wikidata:Q213908:zh-tw:alias
ウィーン風グヤーシュ	匈牙利湯	s	dish	B	wikidata:Q205762:zh-tw:alias
ウイスキー	威士忌	s	drink	B	wikidata:Q281:zh-hant
ウォッカ	伏特加	s	drink	B	wikidata:Q374:zh-hant
エスカロープ	香雞排	s	dish	B	wikidata:Q6099:zh-hant
エッグタルト	蛋撻	s	dish	B	wikidata:Q22404:zh-hant
エナジードリンク	能量飲料	s	drink	B	wikidata:Q215754:zh-tw:alias
オイキムチ	韓式泡菜	s	dish	B	wikidata:Q141898:zh-tw:alias
オニオンスープ	法式洋蔥湯	s	dish	B	wikidata:Q244617:zh-hant
オムレツ	歐姆蛋	s	dish	B	wikidata:Q20129:zh-hant
オリーボーレン	甜甜圈	s	dish	B	wikidata:Q152536:zh-hant
オレッキエッテ	貓耳朵	s	dish	B	wikidata:Q19969:zh-hant
オードヴィー	蒸餾酒	s	drink	B	wikidata:Q56139:zh-tw:alias
カクトゥギ	韓式泡菜	s	dish	B	wikidata:Q141898:zh-tw:alias
カップッチーノ	卡布奇諾	s	drink	B	wikidata:Q159774:zh-tw:alias
カツオブシ	柴魚	s	dish	B	wikidata:Q113739:zh-tw:alias
カツオ節	柴魚	s	dish	B	wikidata:Q113739:zh-tw:alias
カツブシ	柴魚	s	dish	B	wikidata:Q113739:zh-tw:alias
カバブ	卡博串	s	dish	B	wikidata:Q179010:zh-tw:alias
カバーブ	卡博串	s	dish	B	wikidata:Q179010:zh-tw:alias
カラメル	焦糖	s	dish	B	wikidata:Q183440:zh-tw:alias
カラメルソース	焦糖	s	dish	B	wikidata:Q183440:zh-tw:alias
カレーソース	咖哩	s	dish	B	wikidata:Q164606:zh-tw:alias
カレー料理	咖哩	s	dish	B	wikidata:Q164606:zh-tw:alias
カンジャン	醬油	s	dish	B	wikidata:Q229385:zh-tw:alias
ガスパッチョスープ	西班牙凍湯	s	dish	B	wikidata:Q202677:zh-tw:alias
ガム	口香糖	x	dish	B	wikidata:Q130878:zh-tw:alias
キャバーブ	卡博串	s	dish	B	wikidata:Q179010:zh-tw:alias
キャラメル菓子	焦糖	s	dish	B	wikidata:Q183440:zh-tw:alias
キュネフェ	庫納法	s	dish	B	wikidata:Q219123:zh-tw:alias
キュラソー	庫拉索酒	s	drink	B	wikidata:Q10223:zh-hant
キンダーサプライズ	健達出奇蛋	s	dish	B	wikidata:Q181042:zh-hant
ギネスビール	健力士	s	drink	B	wikidata:Q194297:zh-tw:alias
クナフェ	庫納法	s	dish	B	wikidata:Q219123:zh-tw:alias
クナーフェ	庫納法	s	dish	B	wikidata:Q219123:zh-tw:alias
クリスプ	洋芋片	s	dish	B	wikidata:Q173265:zh-tw:alias
クリームグヤーシュ	匈牙利湯	s	dish	B	wikidata:Q205762:zh-tw:alias
クロックムッシュ	火腿乾酪三明治	s	dish	B	wikidata:Q738:zh-hant
クヴァース	克瓦斯	s	drink	B	wikidata:Q173773:zh-tw:alias
クーゲルホップフ	奶油圓蛋糕	s	dish	B	wikidata:Q159754:zh-tw:alias
グラッシュ	匈牙利湯	s	dish	B	wikidata:Q205762:zh-tw:alias
グーゲルフップフ	奶油圓蛋糕	s	dish	B	wikidata:Q159754:zh-tw:alias
グーゲルホップフ	奶油圓蛋糕	s	dish	B	wikidata:Q159754:zh-tw:alias
グーラッシュ	匈牙利湯	s	dish	B	wikidata:Q205762:zh-tw:alias
ケナーフェ	庫納法	s	dish	B	wikidata:Q219123:zh-tw:alias
ケフィアヨーグルト	克非爾	s	drink	B	wikidata:Q185749:zh-tw:alias
ケフィール	克非爾	s	drink	B	wikidata:Q185749:zh-tw:alias
ケーキドーナツ	甜甜圈	s	dish	B	wikidata:Q192783:zh-tw:alias
ケーゼクーヘン	乳酪蛋糕	s	dish	B	wikidata:Q215348:zh-tw:alias
ケーフィア	克非爾	s	drink	B	wikidata:Q185749:zh-tw:alias
コカコーラ	可口可樂	s	drink	B	wikidata:Q2813:zh-tw:alias
コニャック	干邑白蘭地	s	drink	B	wikidata:Q284:zh-hant
コピルアク	麝香貓咖啡	s	drink	B	wikidata:Q213908:zh-tw:alias
コピルワク	麝香貓咖啡	s	drink	B	wikidata:Q213908:zh-tw:alias
コーラ飲料	可樂	s	drink	B	wikidata:Q134041:zh-tw:alias
サイダー	蘋果酒	s	drink	B	wikidata:Q167296:zh-tw:alias
サガルド	蘋果酒	s	drink	B	wikidata:Q167296:zh-tw:alias
サッハートルテ	薩赫蛋糕	s	dish	B	wikidata:Q131442:zh-tw:alias
サブマリンサンドイッチ	三明治	s	dish	B	wikidata:Q28803:zh-tw:alias
サンキスト	新奇士	s	drink	B	wikidata:Q9929:zh-hant
サンドウィッチ	三明治	s	dish	B	wikidata:Q28803:zh-tw:alias
ザウザー	德國羽毛白酒	s	drink	B	wikidata:Q22996:zh-tw:alias
ザッハートルテ	薩赫蛋糕	s	dish	B	wikidata:Q131442:zh-tw:alias
シェイク	奶昔	s	drink	B	wikidata:Q37159:zh-tw:alias
シシカバブ	卡博串	s	dish	B	wikidata:Q179010:zh-tw:alias
シシカバーブ	卡博串	s	dish	B	wikidata:Q179010:zh-tw:alias
シシケバブ	卡博串	s	dish	B	wikidata:Q179010:zh-tw:alias
シマホン	瑪黛	s	drink	B	wikidata:Q203540:zh-tw:alias
シムシャ	韓式泡菜	s	dish	B	wikidata:Q141898:zh-tw:alias
シャルロット	夏洛緹	s	dish	B	wikidata:Q12502:zh-hant
シャンパーニュ	香檳酒	s	drink	B	wikidata:Q134862:zh-tw:alias
シャンペン	香檳酒	s	drink	B	wikidata:Q134862:zh-tw:alias
シュトレン	德式聖誕蛋糕	s	dish	B	wikidata:Q57223:zh-hant
ショウユ	醬油	s	dish	B	wikidata:Q229385:zh-tw:alias
シンケン	火腿	s	dish	B	wikidata:Q170486:zh-tw:alias
ジャム	果醬	s	dish	B	wikidata:Q1269:zh-hant
ジュガンツィ	波倫塔	s	dish	B	wikidata:Q131607:zh-tw:alias
ジンジャーブレッド	薑餅	s	dish	B	wikidata:Q178600:zh-hant
スイートベルモット	香艾酒	s	drink	B	wikidata:Q231088:zh-tw:alias
スシ	壽司	x	dish	B	wikidata:Q46383:zh-tw:alias
スタウトビール	司陶特啤酒	s	drink	B	wikidata:Q217825:zh-tw:alias
ストレートティー	紅茶	s	drink	B	wikidata:Q203415:zh-tw:alias
スパゲッティ	義大利粉	s	dish	B	wikidata:Q20026:zh-hant
スピリッツ	蒸餾酒	s	drink	B	wikidata:Q56139:zh-tw:alias
スブラキ	索瓦蘭吉	s	dish	B	wikidata:Q240923:zh-hant
ズーザー	德國羽毛白酒	s	drink	B	wikidata:Q22996:zh-tw:alias
セゲド風グヤーシュ	匈牙利湯	s	dish	B	wikidata:Q205762:zh-tw:alias
ソフトドリンクの一覧	軟性飲料	s	drink	B	wikidata:Q147538:zh-tw:alias
タイプラー	魚雜咖哩	s	dish	B	wikidata:Q251162:zh-tw:alias
タコシェル	塔可餅	s	dish	B	wikidata:Q191655:zh-tw:alias
タンユェン	湯圓	s	dish	B	wikidata:Q115474:zh-tw:alias
ターキッシュディライト	土耳其軟糖	s	dish	B	wikidata:Q182339:zh-tw:alias
ターキッシュデライト	土耳其軟糖	s	dish	B	wikidata:Q182339:zh-tw:alias
チキンカレー	咖哩	s	dish	B	wikidata:Q164606:zh-tw:alias
チューイングガム	口香糖	s	dish	B	wikidata:Q130878:zh-tw:alias
ツィゴイナーグーラシュ	匈牙利湯	s	dish	B	wikidata:Q205762:zh-tw:alias
デザインカプチーノ	卡布奇諾	s	drink	B	wikidata:Q159774:zh-tw:alias
デセール	甜點	s	dish	B	wikidata:Q182940:zh-tw:alias
デブレツィーナーグーラシュ	匈牙利湯	s	dish	B	wikidata:Q205762:zh-tw:alias
トブルローヌ	瑞士三角牌巧克力	s	dish	B	wikidata:Q215707:zh-tw:alias
トランシルヴァニア風グヤーシュ	匈牙利湯	s	dish	B	wikidata:Q205762:zh-tw:alias
トランシルヴァニア風グラーシュ	匈牙利湯	s	dish	B	wikidata:Q205762:zh-tw:alias
トルコアイス	土耳其冰淇淋	s	dish	B	wikidata:Q141293:zh-tw:alias
トルタ	德式蛋糕	s	dish	B	wikidata:Q130186:zh-tw:alias
トルテリーニ	義大利餛飩	s	dish	B	wikidata:Q20057:zh-hant
ドイツのビール	德國啤酒	s	drink	B	wikidata:Q220275:zh-hant
ドネルケバブ	土耳其烤肉	s	dish	B	wikidata:Q20734:zh-hant
ドライベルモット	香艾酒	s	drink	B	wikidata:Q231088:zh-tw:alias
ドリンク剤	能量飲料	s	drink	B	wikidata:Q215754:zh-tw:alias
ドンドルマ	土耳其冰淇淋	s	dish	B	wikidata:Q141293:zh-tw:alias
ドーナッツ	甜甜圈	s	dish	B	wikidata:Q192783:zh-tw:alias
ニョッキ	玉棋	s	dish	B	wikidata:Q20063:zh-hant
ヌッテラ	能多益	s	dish	B	wikidata:Q212193:zh-tw:alias
ヌテッラ	能多益	s	dish	B	wikidata:Q212193:zh-tw:alias
ノンアルコール	軟性飲料	s	drink	B	wikidata:Q147538:zh-tw:alias
ハルバ	哈爾瓦甜食	s	dish	B	wikidata:Q183599:zh-tw:alias
ハルワ	哈爾瓦甜食	s	dish	B	wikidata:Q183599:zh-tw:alias
バクラバ	果仁蜜餅	s	dish	B	wikidata:Q187495:zh-tw:alias
バタール	法式長棍麵包	s	dish	B	wikidata:Q208172:zh-tw:alias
パエジャ	西班牙大鍋飯	s	dish	B	wikidata:Q212121:zh-tw:alias
パエジャーラ	西班牙大鍋飯	s	dish	B	wikidata:Q212121:zh-tw:alias
パエジャーロ	西班牙大鍋飯	s	dish	B	wikidata:Q212121:zh-tw:alias
パエッジャ	西班牙大鍋飯	s	dish	B	wikidata:Q212121:zh-tw:alias
パエリャ	西班牙大鍋飯	s	dish	B	wikidata:Q212121:zh-tw:alias
パエリヤ	西班牙大鍋飯	s	dish	B	wikidata:Q212121:zh-tw:alias
パエージャ	西班牙大鍋飯	s	dish	B	wikidata:Q212121:zh-tw:alias
パエーリャ	西班牙大鍋飯	s	dish	B	wikidata:Q212121:zh-tw:alias
パラーター	印度油餅	s	dish	B	wikidata:Q59707:zh-hant
パンケーキ	薄烤餅	s	dish	B	wikidata:Q44541:zh-hant
ビャンビャンメン	𰻞𰻞麵	s	dish	B	wikidata:Q213105:zh-tw:alias
ビャンビャン麵	𰻞𰻞麵	s	dish	B	wikidata:Q213105:zh-tw:alias
ビヤ	啤酒	x	drink	B	wikidata:Q44:zh-tw:alias
ビューニュ	比涅甜餅	s	dish	B	wikidata:Q35056:zh-hant
ピザパイ	披薩	s	dish	B	wikidata:Q177:zh-tw:alias
ピタパン	皮塔餅	s	dish	B	wikidata:Q211340:zh-tw:alias
ピッツァ	披薩	s	dish	B	wikidata:Q177:zh-tw:alias
ファストフード店	速食	s	dish	B	wikidata:Q81799:zh-tw:alias
ファーストフード	速食	s	dish	B	wikidata:Q81799:zh-tw:alias
ファーストフード店	速食	s	dish	B	wikidata:Q81799:zh-tw:alias
フィアカーグーラシュ	匈牙利湯	s	dish	B	wikidata:Q205762:zh-tw:alias
フィッシュアンドチップス	炸魚薯條	s	dish	B	wikidata:Q203925:zh-tw:alias
フグ	河魨	x	dish	B	wikidata:Q134385:zh-hant
フジッリ	螺旋粉	s	dish	B	wikidata:Q19966:zh-hant
フランスパン	法式長棍麵包	s	dish	B	wikidata:Q208172:zh-tw:alias
フリェープ	麵包	s	dish	B	wikidata:Q7802:zh-tw:alias
フレンチフライ	馬鈴薯條	s	dish	B	wikidata:Q152088:zh-tw:alias
フーセンガム	口香糖	s	dish	B	wikidata:Q130878:zh-tw:alias
ブラックティー	紅茶	s	drink	B	wikidata:Q203415:zh-tw:alias
ブラッドソーセージ	血腸	s	dish	B	wikidata:Q154482:zh-hant
ブリンチキ	可麗餅	s	dish	B	wikidata:Q12200:zh-tw:alias
ブルチャーク	德國羽毛白酒	s	drink	B	wikidata:Q22996:zh-tw:alias
ブレッツェル	椒鹽卷餅	s	dish	B	wikidata:Q160525:zh-tw:alias
ブレッド	麵包	s	dish	B	wikidata:Q7802:zh-tw:alias
ブレーツェル	椒鹽卷餅	s	dish	B	wikidata:Q160525:zh-tw:alias
プリッツェル	椒鹽卷餅	s	dish	B	wikidata:Q160525:zh-tw:alias
プリン	布丁	s	dish	B	wikidata:Q9053:zh-tw:alias
プレッツエル	椒鹽卷餅	s	dish	B	wikidata:Q160525:zh-tw:alias
プレーンティー	紅茶	s	drink	B	wikidata:Q203415:zh-tw:alias
ヘルヴァ	哈爾瓦甜食	s	dish	B	wikidata:Q183599:zh-tw:alias
ペプシ	百事可樂	s	drink	B	wikidata:Q47719:zh-tw:alias
ペプシネックス	百事可樂	s	drink	B	wikidata:Q47719:zh-tw:alias
ペミカン	肉糜餅	s	dish	B	wikidata:Q130097:zh-hant
ペルノー	苦艾酒	s	drink	B	wikidata:Q170210:zh-tw:alias
ペロキャン	棒棒糖	s	dish	B	wikidata:Q217446:zh-tw:alias
ホワイトティー	白茶	s	drink	B	wikidata:Q238306:zh-tw:alias
ホワイトビール	小麥啤酒	s	drink	B	wikidata:Q131413:zh-tw:alias
ボジョレーワイン	薄酒萊葡萄酒	s	drink	B	wikidata:Q616:zh-hant
ボルシチ	羅宋湯	s	dish	B	wikidata:Q4551:zh-hant
ボンレスハム	火腿	s	dish	B	wikidata:Q170486:zh-tw:alias
ポテトチップ	洋芋片	s	dish	B	wikidata:Q173265:zh-tw:alias
ポプコーン	爆米花	s	dish	B	wikidata:Q165112:zh-tw:alias
ポルトワイン	波特酒	s	drink	B	wikidata:Q191034:zh-tw:alias
ポン酒	日本酒	s	drink	B	wikidata:Q170219:zh-tw:alias
マウルタッシェ	德國餛飩	s	dish	B	wikidata:Q20055:zh-hant
マウンテンデュー	激浪	s	drink	B	wikidata:Q896:zh-hant
マカロニ	通心粉	s	dish	B	wikidata:Q20019:zh-hant
マカロン	馬卡龍	s	dish	B	wikidata:Q12478:zh-hant
マックナゲット	麥克雞塊	s	dish	B	wikidata:Q135888:zh-tw:alias
ママリガ	波倫塔	s	dish	B	wikidata:Q131607:zh-tw:alias
ミソ	味噌	x	dish	B	wikidata:Q235169:zh-tw:alias
ミルク	奶	s	drink	B	wikidata:Q8495:zh-tw:alias
ミルフィーユ	法式千層酥	s	dish	B	wikidata:Q12491:zh-hant
メルロ	梅洛葡萄	s	drink	B	wikidata:Q213338:zh-tw:alias
ユエビン	月餅	s	dish	B	wikidata:Q197969:zh-tw:alias
ヨーグルトきのこ	克非爾	s	drink	B	wikidata:Q185749:zh-tw:alias
ラザニア	千層麵	s	dish	B	wikidata:Q20034:zh-hant
ラタトゥユ	普羅旺斯雜燴	s	dish	B	wikidata:Q183095:zh-tw:alias
ラタトゥーユ	普羅旺斯雜燴	s	dish	B	wikidata:Q183095:zh-tw:alias
ラビオリ	義大利餃	s	dish	B	wikidata:Q20053:zh-hant
ラム	蘭姆酒	x	drink	B	wikidata:Q83376:zh-tw:alias
リンゴ酒	蘋果酒	s	drink	B	wikidata:Q167296:zh-tw:alias
レモネード	檸檬水	s	drink	B	wikidata:Q893:zh-hant
ロゼワイン	桃紅葡萄酒	s	drink	B	wikidata:Q12979:zh-hant
ロールパン	圓麵包	s	dish	B	wikidata:Q23004:zh-hant
ワイン	葡萄酒	s	drink	B	wikidata:Q282:zh-hant
ヴェルミチェッリ	線麵	s	dish	B	wikidata:Q20027:zh-hant
ヴェルムト	香艾酒	s	drink	B	wikidata:Q231088:zh-tw:alias
ヴェルモット	香艾酒	s	drink	B	wikidata:Q231088:zh-tw:alias
三日月パン	牛角麵包	s	dish	B	wikidata:Q207832:zh-tw:alias
三鞭酒	香檳酒	x	drink	B	wikidata:Q134862:zh-tw:alias
上面発酵	艾爾啤酒	x	drink	B	wikidata:Q208385:zh-tw:alias
上面醗酵	艾爾啤酒	x	drink	B	wikidata:Q208385:zh-tw:alias
中華そば	日本拉麵	s	dish	B	wikidata:Q234646:zh-tw:alias
中華蕎麦	日本拉麵	x	dish	B	wikidata:Q234646:zh-tw:alias
乳汁	奶	x	drink	B	wikidata:Q8495:zh-tw:alias
再仕込み醤油	醬油	s	dish	B	wikidata:Q229385:zh-tw:alias
再仕込醤油	醬油	x	dish	B	wikidata:Q229385:zh-tw:alias
冰菓	冰淇淋	x	dish	B	wikidata:Q13233:zh-tw:alias
切り身	生魚片	s	dish	B	wikidata:Q190715:zh-tw:alias
刺し身	生魚片	s	dish	B	wikidata:Q190715:zh-tw:alias
勝男武士	柴魚	x	dish	B	wikidata:Q113739:zh-tw:alias
南京そば	日本拉麵	s	dish	B	wikidata:Q234646:zh-tw:alias
土佐節	柴魚	x	dish	B	wikidata:Q113739:zh-tw:alias
寿し	壽司	x	dish	B	wikidata:Q46383:zh-tw:alias
寿斗	壽司	x	dish	B	wikidata:Q46383:zh-tw:alias
小麦ビール	小麥啤酒	s	drink	B	wikidata:Q131413:zh-tw:alias
成型ポテトチップス	洋芋片	s	dish	B	wikidata:Q173265:zh-tw:alias
拉麺	日本拉麵	x	dish	B	wikidata:Q234646:zh-tw:alias
揚げせんべい	煎餅	s	dish	B	wikidata:Q198788:zh-tw:alias
支那そば	日本拉麵	s	dish	B	wikidata:Q234646:zh-tw:alias
支那蕎麦	日本拉麵	x	dish	B	wikidata:Q234646:zh-tw:alias
朝鮮漬	韓式泡菜	x	dish	B	wikidata:Q141898:zh-tw:alias
朝鮮漬け	韓式泡菜	s	dish	B	wikidata:Q141898:zh-tw:alias
林檎酒	蘋果酒	x	drink	B	wikidata:Q167296:zh-tw:alias
柳麺	日本拉麵	x	dish	B	wikidata:Q234646:zh-tw:alias
栄養飲料	能量飲料	x	drink	B	wikidata:Q215754:zh-tw:alias
梆梆麵	𰻞𰻞麵	x	dish	B	wikidata:Q213105:zh-tw:alias
棒棒麵	𰻞𰻞麵	x	dish	B	wikidata:Q213105:zh-tw:alias
正油	醬油	x	dish	B	wikidata:Q229385:zh-tw:alias
汁物料理	湯	x	dish	B	wikidata:Q41415:zh-hant
沈菜	韓式泡菜	x	dish	B	wikidata:Q141898:zh-tw:alias
液みそ	味噌	s	dish	B	wikidata:Q235169:zh-tw:alias
混合酒	雞尾酒	x	drink	B	wikidata:Q134768:zh-tw:alias
清酒	日本酒	x	drink	B	wikidata:Q170219:zh-tw:alias
溜まり醤油	醬油	s	dish	B	wikidata:Q229385:zh-tw:alias
溜り醤油	醬油	s	dish	B	wikidata:Q229385:zh-tw:alias
濃口醤油	醬油	x	dish	B	wikidata:Q229385:zh-tw:alias
炒りとうもろこし	爆米花	s	dish	B	wikidata:Q165112:zh-tw:alias
炸醤麺	炸醬麵	x	dish	B	wikidata:Q44737:zh-hant
牛乳	奶	x	drink	B	wikidata:Q8495:zh-tw:alias
珈琲	咖啡	x	drink	B	wikidata:Q8486:zh-tw:alias
生ハム	火腿	s	dish	B	wikidata:Q170486:zh-tw:alias
白醤油	醬油	x	dish	B	wikidata:Q229385:zh-tw:alias
米みそ	味噌	s	dish	B	wikidata:Q235169:zh-tw:alias
米味噌	味噌	x	dish	B	wikidata:Q235169:zh-tw:alias
老麺	日本拉麵	x	dish	B	wikidata:Q234646:zh-tw:alias
臘干	火腿	x	dish	B	wikidata:Q170486:zh-tw:alias
般若湯	日本酒	x	drink	B	wikidata:Q170219:zh-tw:alias
薩摩節	柴魚	x	dish	B	wikidata:Q113739:zh-tw:alias
調合みそ	味噌	s	dish	B	wikidata:Q235169:zh-tw:alias
調合味噌	味噌	x	dish	B	wikidata:Q235169:zh-tw:alias
豆みそ	味噌	s	dish	B	wikidata:Q235169:zh-tw:alias
豆冨	豆腐	x	dish	B	wikidata:Q177378:zh-tw:alias
豆味噌	味噌	x	dish	B	wikidata:Q235169:zh-tw:alias
豆富	豆腐	x	dish	B	wikidata:Q177378:zh-tw:alias
豆府	豆腐	x	dish	B	wikidata:Q177378:zh-tw:alias
赤葡萄酒	紅葡萄酒	x	drink	B	wikidata:Q1827:zh-tw:alias
辛奇	韓式泡菜	x	dish	B	wikidata:Q141898:zh-tw:alias
酒々	日本酒	x	drink	B	wikidata:Q170219:zh-tw:alias
酸し	壽司	x	dish	B	wikidata:Q46383:zh-tw:alias
野菜とケッパーのグヤーシュ	匈牙利湯	s	dish	B	wikidata:Q205762:zh-tw:alias
野菜のグヤーシュ	匈牙利湯	s	dish	B	wikidata:Q205762:zh-tw:alias
青茶	烏龍茶	x	drink	B	wikidata:Q231587:zh-tw:alias
風船ガム	口香糖	s	dish	B	wikidata:Q130878:zh-tw:alias
魚の燻製	薰魚	s	dish	B	wikidata:Q70608:zh-hant
麦みそ	味噌	s	dish	B	wikidata:Q235169:zh-tw:alias
麦味噌	味噌	x	dish	B	wikidata:Q235169:zh-tw:alias
麦酒	啤酒	x	drink	B	wikidata:Q44:zh-tw:alias
ういきょう	茴香	x	food	B	wikidata:Q43511:zh-tw:alias
かき鍋	牡蠣	s	food	B	wikidata:Q107411:zh-tw:alias
かぼちゃ	南瓜	x	food	B	wikidata:Q165308:zh-tw:alias
かんしょ	甘藷	x	food	B	wikidata:Q37937:zh-tw:alias
ごまあぶら	芝麻油	x	food	B	wikidata:Q212317:zh-tw:alias
さつまいも	甘藷	x	food	B	wikidata:Q37937:zh-tw:alias
さつま芋	甘藷	s	food	B	wikidata:Q37937:zh-tw:alias
さといも	芋	x	food	B	wikidata:Q227997:zh-tw:alias
しゃくやく	芍藥	x	food	B	wikidata:Q163076:zh-tw:alias
しょくりょう	食物	x	food	B	wikidata:Q2095:zh-tw:alias
たべもの	食物	x	food	B	wikidata:Q2095:zh-tw:alias
でんぷん質	澱粉	s	food	B	wikidata:Q41534:zh-tw:alias
のみもの	飲料	x	food	B	wikidata:Q40050:zh-tw:alias
はくさい	青江菜	x	food	B	wikidata:Q165178:zh-tw:alias
ひまわり油	葵花籽油	s	food	B	wikidata:Q94787:zh-hant
ほうれんそう	菠菜	x	food	B	wikidata:Q81464:zh-tw:alias
ほうれん草	菠菜	s	food	B	wikidata:Q81464:zh-tw:alias
ぼうぶら	南瓜	x	food	B	wikidata:Q165308:zh-tw:alias
ぼうぼら	南瓜	x	food	B	wikidata:Q165308:zh-tw:alias
ぽん菓子	米香	s	food	B	wikidata:Q154092:zh-tw:alias
みつろう	蜂蠟	x	food	B	wikidata:Q143739:zh-tw:alias
めん生地	生麵團	s	food	B	wikidata:Q178024:zh-tw:alias
めん類	麵條	s	food	B	wikidata:Q192874:zh-tw:alias
アイシングシュガー	糖粉	s	food	B	wikidata:Q151070:zh-tw:alias
アカセン	下水	s	food	B	wikidata:Q157484:zh-tw:alias
アトランチックサーモン	大西洋鮭	s	food	B	wikidata:Q188879:zh-tw:alias
アトランティックサーモン	大西洋鮭	s	food	B	wikidata:Q188879:zh-tw:alias
アルガン油	阿甘油	s	food	B	wikidata:Q45418:zh-tw:alias
アルザス風シュークルート	阿爾薩斯酸菜	s	food	B	wikidata:Q12699:zh-hant
イエコオロギ	家蟋蟀	s	food	B	wikidata:Q27711:zh-tw:alias
イガマメ属	驢豆屬	s	food	B	wikidata:Q156932:zh-tw:alias
イースターエッグ	復活節彩蛋	s	food	B	wikidata:Q163886:zh-tw:alias
イースト菌	酵母	s	food	B	wikidata:Q45422:zh-tw:alias
ウインナー	香腸	s	food	B	wikidata:Q131419:zh-tw:alias
ウインナーソーセージ	香腸	s	food	B	wikidata:Q131419:zh-tw:alias
ウォーターメロン	西瓜	s	food	B	wikidata:Q38645:zh-tw:alias
ウルテ	下水	s	food	B	wikidata:Q157484:zh-tw:alias
エッセンシャルオイル	精油	s	food	B	wikidata:Q170885:zh-tw:alias
オイスターマッシュルーム	糙皮側耳	s	food	B	wikidata:Q186451:zh-tw:alias
オランダドリアン	刺果番荔枝	s	food	B	wikidata:Q192147:zh-tw:alias
オリーブオイル	橄欖油	s	food	B	wikidata:Q93165:zh-tw:alias
オリーブ油	橄欖油	s	food	B	wikidata:Q93165:zh-tw:alias
オリーヴ油	橄欖油	s	food	B	wikidata:Q93165:zh-tw:alias
オレンジの実	橙	s	food	B	wikidata:Q13191:zh-tw:alias
オーツ麦	燕麥	s	food	B	wikidata:Q12104:zh-tw:alias
オートムギ	燕麥	s	food	B	wikidata:Q12104:zh-tw:alias
オート麦	燕麥	s	food	B	wikidata:Q12104:zh-tw:alias
カオニャオ	糯稻	s	food	B	wikidata:Q115443:zh-tw:alias
カサーバ	樹薯	s	food	B	wikidata:Q83124:zh-tw:alias
カネデルリ	馬鈴薯丸子	s	food	B	wikidata:Q158382:zh-tw:alias
カマンベールチーズ	卡芒貝爾乾酪	s	food	B	wikidata:Q131480:zh-tw:alias
カルバサー	香腸	s	food	B	wikidata:Q131419:zh-tw:alias
カワムギ	二粒小麥	s	food	B	wikidata:Q167339:zh-hant
カンタケ	糙皮側耳	s	food	B	wikidata:Q186451:zh-tw:alias
ガッカモーレ	酪梨醬	s	food	B	wikidata:Q207968:zh-tw:alias
ガラムマサラ	葛拉姆馬薩拉	s	food	B	wikidata:Q14624:zh-hant
キェウバサ	香腸	s	food	B	wikidata:Q131419:zh-tw:alias
キシュカ	東歐黑布丁	s	food	B	wikidata:Q134101:zh-hant
キスゲ属	萱草屬	s	food	B	wikidata:Q156275:zh-tw:alias
キャサバ	樹薯	s	food	B	wikidata:Q83124:zh-tw:alias
キャッサバ芋	樹薯	s	food	B	wikidata:Q83124:zh-tw:alias
キャッサヴァ	樹薯	s	food	B	wikidata:Q83124:zh-tw:alias
キョウニン	杏仁	s	food	B	wikidata:Q165527:zh-tw:alias
キーウィ	奇異果	s	food	B	wikidata:Q13194:zh-tw:alias
クヌーデル	馬鈴薯丸子	s	food	B	wikidata:Q158382:zh-tw:alias
クネル	肉丸子	s	food	B	wikidata:Q12958:zh-hant
クネードル	馬鈴薯丸子	s	food	B	wikidata:Q158382:zh-tw:alias
クルスキ	馬鈴薯丸子	s	food	B	wikidata:Q158382:zh-tw:alias
グアカモーレ	酪梨醬	s	food	B	wikidata:Q207968:zh-tw:alias
グラノーラ	穀麥棒	s	food	B	wikidata:Q119203:zh-hant
ケイシ	肉桂	s	food	B	wikidata:Q28165:zh-tw:alias
ケイヒ	肉桂	s	food	B	wikidata:Q28165:zh-tw:alias
ケマリ	特克馬裡	s	food	B	wikidata:Q65028:zh-hant
コウサイ	芫荽	s	food	B	wikidata:Q41611:zh-tw:alias
コウボ	酵母	s	food	B	wikidata:Q45422:zh-tw:alias
コエンドロ	芫荽	s	food	B	wikidata:Q41611:zh-tw:alias
ココナッツ油	椰子油	s	food	B	wikidata:Q216235:zh-tw:alias
コテッチャン	下水	s	food	B	wikidata:Q157484:zh-tw:alias
コリコリ	下水	s	food	B	wikidata:Q157484:zh-tw:alias
コルバース	香腸	s	food	B	wikidata:Q131419:zh-tw:alias
ゴマ油	芝麻油	s	food	B	wikidata:Q212317:zh-tw:alias
ゴルゴンゾーラチーズ	古岡左拉起司	s	food	B	wikidata:Q209044:zh-tw:alias
サテー	沙嗲	s	food	B	wikidata:Q209253:zh-tw:alias
サラダナ	萵苣	s	food	B	wikidata:Q83193:zh-tw:alias
サラダ菜	萵苣	s	food	B	wikidata:Q83193:zh-tw:alias
サラミソーセージ	莎樂美腸	s	food	B	wikidata:Q188655:zh-tw:alias
サルサソース	莎莎醬	s	food	B	wikidata:Q249114:zh-tw:alias
サワークラウト	德國酸菜	s	food	B	wikidata:Q154166:zh-tw:alias
サワーサップ	刺果番荔枝	s	food	B	wikidata:Q192147:zh-tw:alias
サンチュ	萵苣	s	food	B	wikidata:Q83193:zh-tw:alias
ザウアークラウト	德國酸菜	s	food	B	wikidata:Q154166:zh-tw:alias
ザウワークラウト	德國酸菜	s	food	B	wikidata:Q154166:zh-tw:alias
ザワークラフト	德國酸菜	s	food	B	wikidata:Q154166:zh-tw:alias
シボル	蔥	s	food	B	wikidata:Q27938:zh-tw:alias
シモンイモ	甘藷	s	food	B	wikidata:Q37937:zh-tw:alias
シャンツァイ	芫荽	s	food	B	wikidata:Q41611:zh-tw:alias
シュークルート	德國酸菜	s	food	B	wikidata:Q154166:zh-tw:alias
シラントロ	芫荽	s	food	B	wikidata:Q41611:zh-tw:alias
シロサツマ	甘藷	s	food	B	wikidata:Q37937:zh-tw:alias
シロネギ	蔥	s	food	B	wikidata:Q27938:zh-tw:alias
シロユタカ	甘藷	s	food	B	wikidata:Q37937:zh-tw:alias
シーフード	海鮮	s	food	B	wikidata:Q192935:zh-tw:alias
ジャボン	柚子	s	food	B	wikidata:Q80024:zh-tw:alias
スイカの実	西瓜	s	food	B	wikidata:Q38645:zh-tw:alias
スターチ	澱粉	s	food	B	wikidata:Q41534:zh-tw:alias
スナギモ	下水	s	food	B	wikidata:Q157484:zh-tw:alias
スパイス	香辛料	s	food	B	wikidata:Q42527:zh-tw:alias
スピナッチ	菠菜	s	food	B	wikidata:Q81464:zh-tw:alias
スペルタコムギ	斯佩耳特小麥	s	food	B	wikidata:Q158767:zh-tw:alias
スペルト小麦	斯佩耳特小麥	s	food	B	wikidata:Q158767:zh-tw:alias
セイヨウカラハナソウ	蛇麻	s	food	B	wikidata:Q104212:zh-tw:alias
セベット	蔥	s	food	B	wikidata:Q27938:zh-tw:alias
ソッカイ	紅鮭	s	food	B	wikidata:Q44064:zh-tw:alias
タイサイ	青江菜	s	food	B	wikidata:Q165178:zh-tw:alias
タイサン	大蒜	s	food	B	wikidata:Q23400:zh-tw:alias
タチギモ	下水	s	food	B	wikidata:Q157484:zh-tw:alias
タプナード	橄欖醬	s	food	B	wikidata:Q129031:zh-hant
タマヒモ	下水	s	food	B	wikidata:Q157484:zh-tw:alias
タラ科	鱈科	s	food	B	wikidata:Q208028:zh-tw:alias
タルックナ	卡馬	s	food	B	wikidata:Q134213:zh-hant
ターボット	瘤棘鮃	s	food	B	wikidata:Q217329:zh-tw:alias
ダナブルー	丹麥藍起司	s	food	B	wikidata:Q165855:zh-tw:alias
チェダー	切達起司	s	food	B	wikidata:Q217525:zh-tw:alias
チェダーチーズ	切達起司	s	food	B	wikidata:Q217525:zh-tw:alias
チサ	萵苣	x	food	B	wikidata:Q83193:zh-tw:alias
チシャ	萵苣	s	food	B	wikidata:Q83193:zh-tw:alias
チタリングス	牛小腸	s	food	B	wikidata:Q155460:zh-hant
チチカブ	下水	s	food	B	wikidata:Q157484:zh-tw:alias
チャ	茶樹	x	food	B	wikidata:Q101815:zh-tw:alias
チョリソ	口利左香腸	s	food	B	wikidata:Q23374:zh-hant
チンゲン菜	青江菜	s	food	B	wikidata:Q165178:zh-tw:alias
デイリリー	萱草屬	s	food	B	wikidata:Q156275:zh-tw:alias
トゲバンレイシ	刺果番荔枝	s	food	B	wikidata:Q192147:zh-tw:alias
トリップ	下水	s	food	B	wikidata:Q157484:zh-tw:alias
ドウ	生麵團	x	food	B	wikidata:Q178024:zh-tw:alias
ドン菓子	米香	s	food	B	wikidata:Q154092:zh-tw:alias
ナスタチウム	金蓮花	s	food	B	wikidata:Q156288:zh-tw:alias
ナスターチュウム	金蓮花	s	food	B	wikidata:Q156288:zh-tw:alias
ナンカニン	南瓜	s	food	B	wikidata:Q165308:zh-tw:alias
ナンガニン	南瓜	s	food	B	wikidata:Q165308:zh-tw:alias
ニッキ	肉桂	s	food	B	wikidata:Q28165:zh-tw:alias
ノウゼンハレン	金蓮花	s	food	B	wikidata:Q156288:zh-tw:alias
ハクサイ	青江菜	s	food	B	wikidata:Q165178:zh-tw:alias
ハシッシュ	哈希什	s	food	B	wikidata:Q151980:zh-tw:alias
ハシーシュ	哈希什	s	food	B	wikidata:Q151980:zh-tw:alias
ハドック	黑線鱈	s	food	B	wikidata:Q202406:zh-tw:alias
ハーブオイル	精油	s	food	B	wikidata:Q170885:zh-tw:alias
バジリコ	羅勒	s	food	B	wikidata:Q38859:zh-tw:alias
バラ	薔薇屬	x	food	B	wikidata:Q34687:zh-tw:alias
バルサミコ	義大利香醋	s	food	B	wikidata:Q170037:zh-tw:alias
バルサミコス	義大利香醋	s	food	B	wikidata:Q170037:zh-tw:alias
パクチョイ	青江菜	s	food	B	wikidata:Q165178:zh-tw:alias
パクチー	芫荽	s	food	B	wikidata:Q41611:zh-tw:alias
パフトライス	米香	s	food	B	wikidata:Q154092:zh-tw:alias
パルメザン	帕馬森起司	s	food	B	wikidata:Q155922:zh-tw:alias
パンパン菓子	米香	s	food	B	wikidata:Q154092:zh-tw:alias
パームオイル	棕櫚油	s	food	B	wikidata:Q231458:zh-tw:alias
パーム核油	椰子油	s	food	B	wikidata:Q216235:zh-tw:alias
ビーフ	牛肉	s	food	B	wikidata:Q192628:zh-tw:alias
ピズィ	馬鈴薯丸子	s	food	B	wikidata:Q158382:zh-tw:alias
ピタヤ	火龍果	s	food	B	wikidata:Q232755:zh-tw:alias
フェタチーズ	菲達芝士	s	food	B	wikidata:Q182760:zh-hant
フェンネル	茴香	s	food	B	wikidata:Q43511:zh-tw:alias
フエガラミ	下水	s	food	B	wikidata:Q157484:zh-tw:alias
フク	下水	x	food	B	wikidata:Q157484:zh-tw:alias
フヌイユ	茴香	s	food	B	wikidata:Q43511:zh-tw:alias
フランクフルトソーセージ	香腸	s	food	B	wikidata:Q131419:zh-tw:alias
フワ	下水	x	food	B	wikidata:Q157484:zh-tw:alias
フード	食物	s	food	B	wikidata:Q2095:zh-tw:alias
ブタ肉	豬肉	s	food	B	wikidata:Q191768:zh-tw:alias
ブラックマスタード	芥末醬	s	food	B	wikidata:Q131748:zh-tw:alias
ブラン	麩	s	food	B	wikidata:Q188672:zh-tw:alias
ブルーベリー	祖愉莓	s	food	B	wikidata:Q13178:zh-hant
ブンタン	柚子	s	food	B	wikidata:Q80024:zh-tw:alias
プランテンバナナ	大蕉	s	food	B	wikidata:Q165449:zh-tw:alias
ヘメロカリス	萱草屬	s	food	B	wikidata:Q156275:zh-tw:alias
ヘメロカリス属	萱草屬	s	food	B	wikidata:Q156275:zh-tw:alias
ベニサケ	紅鮭	s	food	B	wikidata:Q44064:zh-tw:alias
ベニマス	紅鮭	s	food	B	wikidata:Q44064:zh-tw:alias
ベーコン	培根肉	s	food	B	wikidata:Q11106:zh-hant
ホウデン	下水	s	food	B	wikidata:Q157484:zh-tw:alias
ホウレン草	菠菜	s	food	B	wikidata:Q81464:zh-tw:alias
ホエイ	乳清	s	food	B	wikidata:Q185009:zh-tw:alias
ホエー	乳清	s	food	B	wikidata:Q185009:zh-tw:alias
ホワイトマスタード	芥末醬	s	food	B	wikidata:Q131748:zh-tw:alias
ボレイ	牡蠣	s	food	B	wikidata:Q107411:zh-tw:alias
ボンタン	柚子	s	food	B	wikidata:Q80024:zh-tw:alias
ポメロ	柚子	s	food	B	wikidata:Q80024:zh-tw:alias
ポンポン菓子	米香	s	food	B	wikidata:Q154092:zh-tw:alias
ポーク	豬肉	s	food	B	wikidata:Q191768:zh-tw:alias
マカラスムギ	燕麥	s	food	B	wikidata:Q12104:zh-tw:alias
マスカポーネ	馬斯卡彭起司	s	food	B	wikidata:Q209889:zh-tw:alias
マスカポーネチーズ	馬斯卡彭起司	s	food	B	wikidata:Q209889:zh-tw:alias
マスカルポーネチーズ	馬斯卡彭起司	s	food	B	wikidata:Q209889:zh-tw:alias
マスケルポーネ	馬斯卡彭起司	s	food	B	wikidata:Q209889:zh-tw:alias
マスケルポーネチーズ	馬斯卡彭起司	s	food	B	wikidata:Q209889:zh-tw:alias
マスタードソース	芥末醬	s	food	B	wikidata:Q131748:zh-tw:alias
マニオク	樹薯	s	food	B	wikidata:Q83124:zh-tw:alias
マヒマヒ	鬼頭刀	s	food	B	wikidata:Q14443:zh-tw:alias
マヨ	美乃滋	x	food	B	wikidata:Q167893:zh-tw:alias
マンゴーの実	芒果	s	food	B	wikidata:Q169:zh-tw:alias
マンシュウキスゲ	萱草屬	s	food	B	wikidata:Q156275:zh-tw:alias
マンジョカ	樹薯	s	food	B	wikidata:Q83124:zh-tw:alias
マンジョッカ	樹薯	s	food	B	wikidata:Q83124:zh-tw:alias
マンジョーカ	樹薯	s	food	B	wikidata:Q83124:zh-tw:alias
ミツロウ	蜂蠟	s	food	B	wikidata:Q143739:zh-tw:alias
ミドリハナヤサイ	青花菜	s	food	B	wikidata:Q47722:zh-tw:alias
メハナヤサイ	青花菜	s	food	B	wikidata:Q47722:zh-tw:alias
メボウキ	羅勒	s	food	B	wikidata:Q38859:zh-tw:alias
モッツァレッラ	莫札瑞拉起司	s	food	B	wikidata:Q14088:zh-hant
モラセス	糖蜜	s	food	B	wikidata:Q154389:zh-tw:alias
モルト	麥芽	s	food	B	wikidata:Q152024:zh-tw:alias
モンツキダラ	黑線鱈	s	food	B	wikidata:Q202406:zh-tw:alias
ヤホァ	莎莎醬	s	food	B	wikidata:Q249114:zh-tw:alias
ユカ	樹薯	x	food	B	wikidata:Q83124:zh-tw:alias
ユカイモ	樹薯	s	food	B	wikidata:Q83124:zh-tw:alias
ヨウ素溶液	澱粉	s	food	B	wikidata:Q41534:zh-tw:alias
ライム	萊姆	s	food	B	wikidata:Q13195:zh-hant
ラズベリー	覆盆子	s	food	B	wikidata:Q13179:zh-hant
ロイヤルゼリー	蜂王漿	s	food	B	wikidata:Q202501:zh-tw:alias
ロサ	薔薇屬	x	food	B	wikidata:Q34687:zh-tw:alias
ローズ	薔薇屬	s	food	B	wikidata:Q34687:zh-tw:alias
ワカモーレ	酪梨醬	s	food	B	wikidata:Q207968:zh-tw:alias
ヴルスト	香腸	s	food	B	wikidata:Q131419:zh-tw:alias
中国パセリ	芫荽	s	food	B	wikidata:Q41611:zh-tw:alias
乳漿	乳清	x	food	B	wikidata:Q185009:zh-tw:alias
乾酪	起司	x	food	B	wikidata:Q10943:zh-tw:alias
八里半	甘藷	x	food	B	wikidata:Q37937:zh-tw:alias
凌霄葉蓮	金蓮花	x	food	B	wikidata:Q156288:zh-tw:alias
出前飯	外賣	x	food	B	wikidata:Q154383:zh-tw:alias
十三里	甘藷	x	food	B	wikidata:Q37937:zh-tw:alias
南瓜仁	南瓜	x	food	B	wikidata:Q165308:zh-tw:alias
唐芋	甘藷	x	food	B	wikidata:Q37937:zh-tw:alias
唐茄子	南瓜	x	food	B	wikidata:Q165308:zh-tw:alias
唯芋	芋	x	food	B	wikidata:Q227997:zh-tw:alias
国産牛	牛肉	x	food	B	wikidata:Q192628:zh-tw:alias
土佐文旦	柚子	x	food	B	wikidata:Q80024:zh-tw:alias
地中海食	地中海飲食	x	food	B	wikidata:Q47564:zh-hant
大橘	柚子	x	food	B	wikidata:Q80024:zh-tw:alias
実芭蕉	蕉	x	food	B	wikidata:Q503:zh-tw:alias
小茴香	茴香	x	food	B	wikidata:Q43511:zh-tw:alias
干し果物	果乾	s	food	B	wikidata:Q234901:zh-hant
平茸	糙皮側耳	x	food	B	wikidata:Q186451:zh-tw:alias
廃糖蜜	糖蜜	x	food	B	wikidata:Q154389:zh-tw:alias
抗酸化	抗氧化劑	x	food	B	wikidata:Q133948:zh-tw:alias
抗酸化作用	抗氧化劑	x	food	B	wikidata:Q133948:zh-tw:alias
文旦	柚子	x	food	B	wikidata:Q80024:zh-tw:alias
日桂	肉桂	x	food	B	wikidata:Q28165:zh-tw:alias
朱欒	柚子	x	food	B	wikidata:Q80024:zh-tw:alias
林檎	蘋果	x	food	B	wikidata:Q89:zh-tw:alias
根深ネギ	蔥	s	food	B	wikidata:Q27938:zh-tw:alias
桂皮	肉桂	x	food	B	wikidata:Q28165:zh-tw:alias
殿粉	澱粉	x	food	B	wikidata:Q41534:zh-tw:alias
毱豆属	驢豆屬	x	food	B	wikidata:Q156932:zh-tw:alias
水晶文旦	柚子	x	food	B	wikidata:Q80024:zh-tw:alias
水瓜	西瓜	x	food	B	wikidata:Q38645:zh-tw:alias
法蓮草	菠菜	x	food	B	wikidata:Q81464:zh-tw:alias
洋からし	芥末醬	s	food	B	wikidata:Q131748:zh-tw:alias
洋がらし	芥末醬	s	food	B	wikidata:Q131748:zh-tw:alias
洗芋	芋	x	food	B	wikidata:Q227997:zh-tw:alias
添加物	食品添加物	x	food	B	wikidata:Q189567:zh-tw:alias
無塩バター	奶油	x	food	B	wikidata:Q34172:zh-tw:alias
牛酪	奶油	x	food	B	wikidata:Q34172:zh-tw:alias
牛食	牛肉	x	food	B	wikidata:Q192628:zh-tw:alias
牡蛎殻	牡蠣	x	food	B	wikidata:Q107411:zh-tw:alias
牡蛎殼	牡蠣	x	food	B	wikidata:Q107411:zh-tw:alias
獅子柚	柚子	x	food	B	wikidata:Q80024:zh-tw:alias
玉子	蛋	x	food	B	wikidata:Q93189:zh-tw:alias
玉菜	結球甘藍	x	food	B	wikidata:Q35051:zh-tw:alias
王乳	蜂王漿	x	food	B	wikidata:Q202501:zh-tw:alias
琉球いも	甘藷	s	food	B	wikidata:Q37937:zh-tw:alias
甘蕉	蕉	x	food	B	wikidata:Q503:zh-tw:alias
甘薯	甘藷	x	food	B	wikidata:Q37937:zh-tw:alias
甘藍	結球甘藍	x	food	B	wikidata:Q35051:zh-tw:alias
甘藷糖	甘藷	x	food	B	wikidata:Q37937:zh-tw:alias
生地	生麵團	x	food	B	wikidata:Q178024:zh-tw:alias
白ねぎ	蔥	s	food	B	wikidata:Q27938:zh-tw:alias
白モツ	下水	s	food	B	wikidata:Q157484:zh-tw:alias
白才	青江菜	x	food	B	wikidata:Q165178:zh-tw:alias
白菜	青江菜	x	food	B	wikidata:Q165178:zh-tw:alias
白蜜	糖蜜	x	food	B	wikidata:Q154389:zh-tw:alias
砂囊	下水	x	food	B	wikidata:Q157484:zh-tw:alias
種皮	種子	x	food	B	wikidata:Q40763:zh-tw:alias
穀草類	穀物	x	food	B	wikidata:Q12117:zh-hant
粉糖	糖粉	x	food	B	wikidata:Q151070:zh-tw:alias
糧食	食物	x	food	B	wikidata:Q2095:zh-tw:alias
糯米	糯稻	x	food	B	wikidata:Q115443:zh-tw:alias
緑花野菜	青花菜	x	food	B	wikidata:Q47722:zh-tw:alias
緩衝作用	緩衝溶液	x	food	B	wikidata:Q208465:zh-tw:alias
練った生地	生麵團	s	food	B	wikidata:Q178024:zh-tw:alias
美食法	美食學	x	food	B	wikidata:Q171141:zh-tw:alias
美食術	美食學	x	food	B	wikidata:Q171141:zh-tw:alias
胡麻油	芝麻油	x	food	B	wikidata:Q212317:zh-tw:alias
腸詰	香腸	x	food	B	wikidata:Q131419:zh-tw:alias
膨化米	米香	x	food	B	wikidata:Q154092:zh-tw:alias
膨化食品	米香	x	food	B	wikidata:Q154092:zh-tw:alias
臓物	下水	x	food	B	wikidata:Q157484:zh-tw:alias
自分出前	外賣	x	food	B	wikidata:Q154383:zh-tw:alias
芋の子	芋	s	food	B	wikidata:Q227997:zh-tw:alias
芽花野菜	青花菜	x	food	B	wikidata:Q47722:zh-tw:alias
茄子	茄	x	food	B	wikidata:Q7540:zh-tw:alias
茶の木	茶樹	s	food	B	wikidata:Q101815:zh-tw:alias
菠薐草	菠菜	x	food	B	wikidata:Q81464:zh-tw:alias
葉ネギ	蔥	s	food	B	wikidata:Q27938:zh-tw:alias
葉菜類	綠葉蔬菜	x	food	B	wikidata:Q20134:zh-hant
蓑芋	芋	x	food	B	wikidata:Q227997:zh-tw:alias
蕃薯	甘藷	x	food	B	wikidata:Q37937:zh-tw:alias
薩摩芋	甘藷	x	food	B	wikidata:Q37937:zh-tw:alias
蛎殻	牡蠣	x	food	B	wikidata:Q107411:zh-tw:alias
蛎殼	牡蠣	x	food	B	wikidata:Q107411:zh-tw:alias
蜂蝋	蜂蠟	x	food	B	wikidata:Q143739:zh-tw:alias
蜜ろう	蜂蠟	s	food	B	wikidata:Q143739:zh-tw:alias
酢キャベツ	德國酸菜	s	food	B	wikidata:Q154166:zh-tw:alias
酵母菌	酵母	x	food	B	wikidata:Q45422:zh-tw:alias
里芋	芋	x	food	B	wikidata:Q227997:zh-tw:alias
長ねぎ	蔥	s	food	B	wikidata:Q27938:zh-tw:alias
長ネギ	蔥	s	food	B	wikidata:Q27938:zh-tw:alias
長葱	蔥	x	food	B	wikidata:Q27938:zh-tw:alias
青梗菜	青江菜	x	food	B	wikidata:Q165178:zh-tw:alias
食べ物	食物	s	food	B	wikidata:Q2095:zh-tw:alias
食品	食物	x	food	B	wikidata:Q2095:zh-tw:alias
食料	食物	x	food	B	wikidata:Q2095:zh-tw:alias
食料品	食物	x	food	B	wikidata:Q2095:zh-tw:alias
食用卵	蛋	x	food	B	wikidata:Q93189:zh-tw:alias
食糧	食物	x	food	B	wikidata:Q2095:zh-tw:alias
食肉	肉品	x	food	B	wikidata:Q10990:zh-hant
飲み物	飲料	s	food	B	wikidata:Q40050:zh-tw:alias
餅米	糯稻	x	food	B	wikidata:Q115443:zh-tw:alias
香欒	柚子	x	food	B	wikidata:Q80024:zh-tw:alias
香菜	芫荽	x	food	B	wikidata:Q41611:zh-tw:alias
鳳蓮草	菠菜	x	food	B	wikidata:Q81464:zh-tw:alias
鶴の子芋	芋	s	food	B	wikidata:Q227997:zh-tw:alias
麦チョコ	米香	s	food	B	wikidata:Q154092:zh-tw:alias
麺生地	生麵團	x	food	B	wikidata:Q178024:zh-tw:alias
麺類	麵條	x	food	B	wikidata:Q192874:zh-tw:alias
黄瓜	胡瓜	x	food	B	wikidata:Q23425:zh-tw:alias
黄身	蛋黃	x	food	B	wikidata:Q181409:zh-tw:alias
かんてん	洋菜	x	ingredient	B	wikidata:Q177998:zh-tw:alias
ちょうざめ	鱘科	x	ingredient	B	wikidata:Q181871:zh-tw:alias
とうもろこし	玉蜀黍	x	ingredient	B	wikidata:Q11575:zh-tw:alias
ばら油	薔薇花油	s	ingredient	B	wikidata:Q83054:zh-tw:alias
コーン	玉蜀黍	s	ingredient	B	wikidata:Q11575:zh-tw:alias
サクサク	西米	s	ingredient	B	wikidata:Q218778:zh-tw:alias
サゴヤシ	西米	s	ingredient	B	wikidata:Q218778:zh-tw:alias
ジャックフルーツ	波羅蜜	s	fruit	B	wikidata:Q45757:zh-tw:alias
チョウザメ科	鱘科	s	ingredient	B	wikidata:Q181871:zh-tw:alias
チョウセンモダマ	羅望子	s	ingredient	B	wikidata:Q80235:zh-tw:alias
ナッツメッグ	肉豆蔻	s	ingredient	B	wikidata:Q83165:zh-tw:alias
ナツメッグ	肉豆蔻	s	ingredient	B	wikidata:Q83165:zh-tw:alias
ハラミツ	波羅蜜	s	fruit	B	wikidata:Q45757:zh-tw:alias
バラ油	薔薇花油	s	ingredient	B	wikidata:Q83054:zh-tw:alias
バラ精油	薔薇花油	s	ingredient	B	wikidata:Q83054:zh-tw:alias
ローズ油	薔薇花油	s	ingredient	B	wikidata:Q83054:zh-tw:alias
寒天料理	洋菜	x	ingredient	B	wikidata:Q177998:zh-tw:alias
寒晒し心太	洋菜	s	ingredient	B	wikidata:Q177998:zh-tw:alias
糖分	糖	x	ingredient	B	wikidata:Q11002:zh-tw:alias
糖類	糖	x	ingredient	B	wikidata:Q11002:zh-tw:alias
紅色植物	紅藻門	x	ingredient	B	wikidata:Q103169:zh-tw:alias
紅色植物門	紅藻門	x	ingredient	B	wikidata:Q103169:zh-tw:alias
紅藻植物	紅藻門	x	ingredient	B	wikidata:Q103169:zh-tw:alias
紅藻植物門	紅藻門	x	ingredient	B	wikidata:Q103169:zh-tw:alias
紅藻綱	紅藻門	x	ingredient	B	wikidata:Q103169:zh-tw:alias
紅藻類	紅藻門	x	ingredient	B	wikidata:Q103169:zh-tw:alias
薔薇油	薔薇花油	x	ingredient	B	wikidata:Q83054:zh-tw:alias
蝶鮫	鱘科	x	ingredient	B	wikidata:Q181871:zh-tw:alias
だいどう豊里駅	大桐豐裡站	s	station	C	wikidata:Q180979:zh>s2twp
カチウル駅	鵲洞站	s	station	C	wikidata:Q69046:zh>s2twp
セッカン駅	賽江站	s	station	C	wikidata:Q60000:zh>s2twp
ソウルメトロ1号線	首爾地鐵1號線	s	line	C	wikidata:Q92501:zh>s2twp
チャンスンベギ駅	長承背齊站	s	station	C	wikidata:Q68970:zh>s2twp
テチョン駅	大清站	s	station	C	wikidata:Q100867:zh>s2twp
デジタルメディアシティ駅	數碼媒體城站	s	station	C	wikidata:Q54265:zh>s2twp
トゥクソム遊園地駅	纛島遊園地站	s	station	C	wikidata:Q68866:zh>s2twp
ノドゥル駅	鷺得站	s	station	C	wikidata:Q60049:zh>s2twp
ハンニョウル駅	鶴灘站	s	station	C	wikidata:Q100864:zh>s2twp
ポラメ駅	獵鷹站	s	station	C	wikidata:Q68988:zh>s2twp
マドゥル駅	馬得站	s	station	C	wikidata:Q68672:zh>s2twp
メボン駅	梅峰站	s	station	C	wikidata:Q100856:zh>s2twp
モッコル駅	墨洞站	s	station	C	wikidata:Q68781:zh>s2twp
一山駅	一山站	s	station	C	wikidata:Q59868:zh>s2twp
三山体育館駅	三山體育館站	s	station	C	wikidata:Q69077:zh>s2twp
三松駅	三松站	s	station	C	wikidata:Q79839:zh>s2twp
三越前駅	三越前站	s	station	C	wikidata:Q76898:zh>s2twp
上島駅	上島站	s	station	C	wikidata:Q169614:zh>s2twp
上泉駅	上泉站	s	station	C	wikidata:Q49968:zh>s2twp
上洞駅	上洞站	s	station	C	wikidata:Q69073:zh>s2twp
上葛駅	上葛站	s	station	C	wikidata:Q218337:zh>s2twp
上道駅	上道站	s	station	C	wikidata:Q68961:zh>s2twp
上野市駅	上野市站	s	station	C	wikidata:Q195404:zh>s2twp
上野御徒町駅	上野御徒町站	s	station	C	wikidata:Q80555:zh>s2twp
下渓駅	下溪站	s	station	C	wikidata:Q68702:zh>s2twp
両水駅	兩水站	s	station	C	wikidata:Q58939:zh>s2twp
中和駅	中和站	s	station	C	wikidata:Q68790:zh>s2twp
中崎町駅	中崎町站	s	station	C	wikidata:Q83601:zh>s2twp
中渓駅	中溪站	s	station	C	wikidata:Q68696:zh>s2twp
丹垈オゴリ駅	丹岱五叉路口站	s	station	C	wikidata:Q75355:zh>s2twp
乙支路3街駅	乙支路3街站	s	station	C	wikidata:Q79981:zh>s2twp
九段下駅	九段下站	s	station	C	wikidata:Q76899:zh>s2twp
九里駅	九里站	s	station	C	wikidata:Q58948:zh>s2twp
二日市駅	二日市站	s	station	C	wikidata:Q154366:zh>s2twp
二村駅	二村站	s	station	C	wikidata:Q58957:zh>s2twp
二見浦駅	二見浦站	s	station	C	wikidata:Q117376:zh>s2twp
二軒茶屋駅	二軒茶屋車站	s	station	C	wikidata:Q27288:zh>s2twp
五松駅	五松站	s	station	C	wikidata:Q54285:zh>s2twp
井高野駅	井高野站	s	station	C	wikidata:Q180463:zh>s2twp
京王高尾線	高尾線	s	line	C	wikidata:Q29663:zh>s2twp
京都精華大前駅	京都精華大前車站	s	station	C	wikidata:Q27298:zh>s2twp
京阪中之島線	中之島線	s	line	C	wikidata:Q126331:zh>s2twp
亭子駅	亭子站	s	station	C	wikidata:Q31038:zh>s2twp
仁川空港1ターミナル駅	仁川國際機場1號航站樓站	s	station	C	wikidata:Q54255:zh>s2twp
今福鶴見駅	今福鶴見站	s	station	C	wikidata:Q135348:zh>s2twp
仏光駅	佛光站	s	station	C	wikidata:Q79960:zh>s2twp
仏岩山駅	佛巖山站	s	station	C	wikidata:Q49942:zh>s2twp
仙遊島駅	仙遊島站	s	station	C	wikidata:Q59995:zh>s2twp
住吉駅	住吉站	s	station	C	wikidata:Q80536:zh>s2twp
元堂駅	元堂站	s	station	C	wikidata:Q79837:zh>s2twp
元町駅	元町站	s	station	C	wikidata:Q59520:zh>s2twp
光明サゴリ駅	光明四叉路口站	s	station	C	wikidata:Q69027:zh>s2twp
全義駅	全義站	s	station	C	wikidata:Q188305:zh>s2twp
八堂駅	八堂站	s	station	C	wikidata:Q58942:zh>s2twp
八尾南駅	八尾南站	s	station	C	wikidata:Q151767:zh>s2twp
八軒駅	八軒車站	s	station	C	wikidata:Q128199:zh>s2twp
兵庫駅	兵庫站	s	station	C	wikidata:Q59517:zh>s2twp
内方駅	內方站	s	station	C	wikidata:Q68937:zh>s2twp
冠岳駅	冠嶽站	s	station	C	wikidata:Q137184:zh>s2twp
出戸駅	出戶站	s	station	C	wikidata:Q151413:zh>s2twp
加佐駅	加佐站	s	station	C	wikidata:Q54346:zh>s2twp
加陽駅	加陽站	s	station	C	wikidata:Q59987:zh>s2twp
北加賀屋駅	北加賀屋站	s	station	C	wikidata:Q126335:zh>s2twp
北川内駅	北川內站	s	station	C	wikidata:Q199813:zh>s2twp
北巽駅	北巽站	s	station	C	wikidata:Q126096:zh>s2twp
千林大宮駅	千林大宮站	s	station	C	wikidata:Q83605:zh>s2twp
千里丘駅	千里丘站	s	station	C	wikidata:Q59511:zh>s2twp
半蔵門駅	半藏門站	s	station	C	wikidata:Q80551:zh>s2twp
南九老駅	南九老站	s	station	C	wikidata:Q69012:zh>s2twp
南千住駅	南千住站	s	station	C	wikidata:Q80570:zh>s2twp
南城駅	南城站	s	station	C	wikidata:Q68944:zh>s2twp
南巽駅	南巽站	s	station	C	wikidata:Q126112:zh>s2twp
南春川駅	南春川站	s	station	C	wikidata:Q49952:zh>s2twp
南海加太線	加太線	s	line	C	wikidata:Q76809:zh>s2twp
南海高野線	高野線	s	line	C	wikidata:Q71986:zh>s2twp
南漢山城入口駅	南漢山城入口站	s	station	C	wikidata:Q75354:zh>s2twp
南部ターミナル駅	南部巴士總站	s	station	C	wikidata:Q100848:zh>s2twp
双龍駅	雙龍站	s	station	C	wikidata:Q167598:zh>s2twp
君子駅	君子站	s	station	C	wikidata:Q68841:zh>s2twp
喜連瓜破駅	喜連瓜破站	s	station	C	wikidata:Q151539:zh>s2twp
四佳亭駅	四佳亭站	s	station	C	wikidata:Q68804:zh>s2twp
四天王寺前夕陽ヶ丘駅	四天王寺前夕陽丘站	s	station	C	wikidata:Q83603:zh>s2twp
回基駅	回基站	s	station	C	wikidata:Q58951:zh>s2twp
国会議事堂駅	國會議事堂站	s	station	C	wikidata:Q59998:zh>s2twp
国道駅	國道站	s	station	C	wikidata:Q77872:zh>s2twp
地下鉄成増駅	地下鐵成增站	s	station	C	wikidata:Q80506:zh>s2twp
地下鉄赤塚駅	地下鐵赤塚站	s	station	C	wikidata:Q80412:zh>s2twp
坡州駅	坡州站	s	station	C	wikidata:Q59878:zh>s2twp
堂井駅	堂井站	s	station	C	wikidata:Q137229:zh>s2twp
堂山駅	堂山站	s	station	C	wikidata:Q59997:zh>s2twp
夢村土城駅	夢村土城站	s	station	C	wikidata:Q75328:zh>s2twp
大久保駅	大久保站	s	station	C	wikidata:Q116259:zh>s2twp
大化駅	大化站	s	station	C	wikidata:Q79799:zh>s2twp
大峙駅	大峙站	s	station	C	wikidata:Q100860:zh>s2twp
大方駅	大方站	s	station	C	wikidata:Q137162:zh>s2twp
大林駅	大林站	s	station	C	wikidata:Q69008:zh>s2twp
大森駅	大森車站	s	station	C	wikidata:Q80420:zh>s2twp
大甕駅	大甕車站	s	station	C	wikidata:Q39951:zh>s2twp
大田広域市都市鉄道公社1号線	大田都市鐵道1號線	s	line	C	wikidata:Q200310:zh>s2twp
大谷駅	大谷站	s	station	C	wikidata:Q59856:zh>s2twp
大邱都市鉄道1号線	大邱都市鐵道1號線	s	line	C	wikidata:Q200331:zh>s2twp
大邱都市鉄道2号線	大邱都市鐵道2號線	s	line	C	wikidata:Q200332:zh>s2twp
大邱駅	大邱站	s	station	C	wikidata:Q54291:zh>s2twp
大阪ビジネスパーク駅	大阪商務園區站	s	station	C	wikidata:Q135205:zh>s2twp
天安牙山駅	天安牙山站	s	station	C	wikidata:Q54282:zh>s2twp
天安駅	天安站	s	station	C	wikidata:Q54298:zh>s2twp
天旺駅	天旺站	s	station	C	wikidata:Q69034:zh>s2twp
姫路駅	姬路車站	s	station	C	wikidata:Q119301:zh>s2twp
子供大公園駅	兒童大公園站	s	station	C	wikidata:Q68853:zh>s2twp
孔徳駅	孔德站	s	station	C	wikidata:Q54272:zh>s2twp
孔陵駅	孔陵站	s	station	C	wikidata:Q68708:zh>s2twp
守口駅	守口站	s	station	C	wikidata:Q83608:zh>s2twp
安国駅	安國站	s	station	C	wikidata:Q79974:zh>s2twp
安養駅	安養站	s	station	C	wikidata:Q54301:zh>s2twp
宣靖陵駅	宣靖陵站	s	station	C	wikidata:Q46111:zh>s2twp
宮川駅	宮川站	s	station	C	wikidata:Q117381:zh>s2twp
富士見ヶ丘駅	富士見丘站	s	station	C	wikidata:Q27285:zh>s2twp
富川市庁駅	富川市廳站	s	station	C	wikidata:Q69067:zh>s2twp
富川総合運動場駅	富川綜合運動場站	s	station	C	wikidata:Q69052:zh>s2twp
富平区庁駅	富平區廳站	s	station	C	wikidata:Q20301:zh>s2twp
寿進駅	壽進站	s	station	C	wikidata:Q75360:zh>s2twp
小井里駅	小井裡站	s	station	C	wikidata:Q188090:zh>s2twp
小路駅	小路站	s	station	C	wikidata:Q126040:zh>s2twp
屈峰山駅	屈峰山站	s	station	C	wikidata:Q49966:zh>s2twp
山城駅	山城站	s	station	C	wikidata:Q75351:zh>s2twp
山田上口駅	山田上口車站	s	station	C	wikidata:Q93446:zh>s2twp
岸辺駅	岸邊站	s	station	C	wikidata:Q59515:zh>s2twp
岸里駅	岸裡站	s	station	C	wikidata:Q126082:zh>s2twp
峨嵯山駅	峨嵯山站	s	station	C	wikidata:Q107408:zh>s2twp
崇実大入口駅	崇實大入口站	s	station	C	wikidata:Q68957:zh>s2twp
平和台駅	平和臺站	s	station	C	wikidata:Q80427:zh>s2twp
平沢芝制駅	平澤芝制站	s	station	C	wikidata:Q167502:zh>s2twp
平沢駅	平澤站	s	station	C	wikidata:Q137313:zh>s2twp
幸信駅	幸信站	s	station	C	wikidata:Q59850:zh>s2twp
建大入口駅	建大入口站	s	station	C	wikidata:Q68859:zh>s2twp
弘済駅	弘濟站	s	station	C	wikidata:Q79966:zh>s2twp
往十里駅	往十里站	s	station	C	wikidata:Q17184:zh>s2twp
徳沼駅	德沼站	s	station	C	wikidata:Q58944:zh>s2twp
志賀駅	志賀站	s	station	C	wikidata:Q86873:zh>s2twp
忠武路駅	忠武路站	s	station	C	wikidata:Q100804:zh>s2twp
慶州駅	慶州站	s	station	C	wikidata:Q54294:zh>s2twp
懐徳駅	懷德站	s	station	C	wikidata:Q188835:zh>s2twp
成均館大駅	成均館大站	s	station	C	wikidata:Q137235:zh>s2twp
成歓駅	成歡站	s	station	C	wikidata:Q167550:zh>s2twp
我新駅	我新站	s	station	C	wikidata:Q58933:zh>s2twp
押上駅	押上站	s	station	C	wikidata:Q80545:zh>s2twp
振威駅	振威站	s	station	C	wikidata:Q167493:zh>s2twp
排芳駅	排芳站	s	station	C	wikidata:Q167606:zh>s2twp
掘浦川駅	掘浦川站	s	station	C	wikidata:Q69082:zh>s2twp
摂津富田駅	攝津富田站	s	station	C	wikidata:Q59513:zh>s2twp
文の里駅	文之裡車站	s	station	C	wikidata:Q29457:zh>s2twp
文井駅	文井站	s	station	C	wikidata:Q75346:zh>s2twp
斗井駅	鬥井站	s	station	C	wikidata:Q167556:zh>s2twp
新中洞駅	新中洞站	s	station	C	wikidata:Q69061:zh>s2twp
新今宮駅	新今宮車站	s	station	C	wikidata:Q59349:zh>s2twp
新傍花駅	新傍花站	s	station	C	wikidata:Q59982:zh>s2twp
新吉駅	新吉站	s	station	C	wikidata:Q137168:zh>s2twp
新大方サムゴリ駅	新大方三叉路口站	s	station	C	wikidata:Q68981:zh>s2twp
新川駅	新川車站	s	station	C	wikidata:Q128203:zh>s2twp
新御徒町駅	新御徒町站	s	station	C	wikidata:Q80540:zh>s2twp
新御茶ノ水駅	新御茶之水站	s	station	C	wikidata:Q80433:zh>s2twp
新木洞駅	新木洞站	s	station	C	wikidata:Q59994:zh>s2twp
新村駅	新村站	s	station	C	wikidata:Q59840:zh>s2twp
新森古市駅	新森古市站	s	station	C	wikidata:Q180443:zh>s2twp
新沙駅	新沙站	s	station	C	wikidata:Q100839:zh>s2twp
新灘津駅	新灘津站	s	station	C	wikidata:Q188831:zh>s2twp
新炭里駅	新炭裡站	s	station	C	wikidata:Q55632:zh>s2twp
新琴似駅	新琴似車站	s	station	C	wikidata:Q128201:zh>s2twp
新盤浦駅	新盤浦站	s	station	C	wikidata:Q60056:zh>s2twp
新興駅	新興站	s	station	C	wikidata:Q75586:zh>s2twp
新論峴駅	新論峴站	s	station	C	wikidata:Q53000:zh>s2twp
新豊駅	新豐站	s	station	C	wikidata:Q69002:zh>s2twp
新院駅	新院站	s	station	C	wikidata:Q58935:zh>s2twp
日立駅	日立站	s	station	C	wikidata:Q39929:zh>s2twp
旧把撥駅	舊把撥站	s	station	C	wikidata:Q79949:zh>s2twp
旧盤浦駅	舊盤浦站	s	station	C	wikidata:Q60054:zh>s2twp
明治神宮前駅	明治神宮前站	s	station	C	wikidata:Q80429:zh>s2twp
春川駅	春川站	s	station	C	wikidata:Q49948:zh>s2twp
春衣駅	春衣站	s	station	C	wikidata:Q69056:zh>s2twp
景福宮駅	景福宮站	s	station	C	wikidata:Q79971:zh>s2twp
曳馬駅	曳馬站	s	station	C	wikidata:Q169414:zh>s2twp
曾米駅	曾米站	s	station	C	wikidata:Q59989:zh>s2twp
月籠駅	月籠站	s	station	C	wikidata:Q59877:zh>s2twp
有明駅	有明站	s	station	C	wikidata:Q17719:zh>s2twp
木古内駅	木古內車站	s	station	C	wikidata:Q59510:zh>s2twp
木浦駅	木浦站	s	station	C	wikidata:Q69113:zh>s2twp
本郷三丁目駅	本鄉三丁目站	s	station	C	wikidata:Q80774:zh>s2twp
東大入口駅	東大入口站	s	station	C	wikidata:Q100817:zh>s2twp
東梅田駅	東梅田站	s	station	C	wikidata:Q83600:zh>s2twp
松坡駅	松坡站	s	station	C	wikidata:Q75341:zh>s2twp
松炭駅	松炭站	s	station	C	wikidata:Q167497:zh>s2twp
栄州駅	榮州站	s	station	C	wikidata:Q58919:zh>s2twp
桂陽駅	桂陽站	s	station	C	wikidata:Q54261:zh>s2twp
桃山台駅	桃山臺站	s	station	C	wikidata:Q59341:zh>s2twp
梧浜駅	梧濱站	s	station	C	wikidata:Q58930:zh>s2twp
楊坪駅	楊坪站	s	station	C	wikidata:Q56142:zh>s2twp
楊平駅	楊平站	s	station	C	wikidata:Q56141:zh>s2twp
楓山駅	楓山站	s	station	C	wikidata:Q59866:zh>s2twp
横堤駅	橫堤站	s	station	C	wikidata:Q135186:zh>s2twp
毋岳チェ駅	母嶽齋站	s	station	C	wikidata:Q79968:zh>s2twp
水原駅	水原站	s	station	C	wikidata:Q54306:zh>s2twp
水天宮前駅	水天宮前站	s	station	C	wikidata:Q80546:zh>s2twp
水色駅	水色站	s	station	C	wikidata:Q59845:zh>s2twp
永登浦駅	永登浦站	s	station	C	wikidata:Q43311:zh>s2twp
江南区庁駅	江南區廳站	s	station	C	wikidata:Q46072:zh>s2twp
江村駅	江村站	s	station	C	wikidata:Q49956:zh>s2twp
江東区庁駅	江東區廳站	s	station	C	wikidata:Q75325:zh>s2twp
池の浦シーサイド駅	池之浦海岸站	s	station	C	wikidata:Q117538:zh>s2twp
汶山駅	汶山站	s	station	C	wikidata:Q59880:zh>s2twp
注葉駅	注葉站	s	station	C	wikidata:Q79805:zh>s2twp
泰陵入口駅	泰陵入口站	s	station	C	wikidata:Q68716:zh>s2twp
津田山駅	津田山車站	s	station	C	wikidata:Q211015:zh>s2twp
浜田山駅	濱田山站	s	station	C	wikidata:Q27101:zh>s2twp
清明駅	清明站	s	station	C	wikidata:Q218343:zh>s2twp
清水駅	清水站	s	station	C	wikidata:Q180473:zh>s2twp
清潭駅	清潭站	s	station	C	wikidata:Q68897:zh>s2twp
清澄白河駅	清澄白河站	s	station	C	wikidata:Q80542:zh>s2twp
温水駅	溫水站	s	station	C	wikidata:Q69040:zh>s2twp
温陽温泉駅	溫陽溫泉站	s	station	C	wikidata:Q167611:zh>s2twp
源仁斎駅	源仁齋站	s	station	C	wikidata:Q20399:zh>s2twp
漢南駅	漢南站	s	station	C	wikidata:Q58955:zh>s2twp
炭峴駅	炭峴站	s	station	C	wikidata:Q59869:zh>s2twp
烏山大駅	烏山大站	s	station	C	wikidata:Q137238:zh>s2twp
烏山駅	烏山站	s	station	C	wikidata:Q137232:zh>s2twp
牙山駅	牙山站	s	station	C	wikidata:Q167603:zh>s2twp
狎鴎亭駅	狎鷗亭站	s	station	C	wikidata:Q100834:zh>s2twp
独立門駅	獨立門站	s	station	C	wikidata:Q79970:zh>s2twp
玉出駅	玉出站	s	station	C	wikidata:Q125822:zh>s2twp
玉川駅	玉川站	s	station	C	wikidata:Q126069:zh>s2twp
田丸駅	田丸站	s	station	C	wikidata:Q117533:zh>s2twp
田辺駅	田邊站	s	station	C	wikidata:Q135203:zh>s2twp
登村駅	登村站	s	station	C	wikidata:Q59992:zh>s2twp
白楊里駅	白楊裡站	s	station	C	wikidata:Q49962:zh>s2twp
白石駅	白石站	s	station	C	wikidata:Q79832:zh>s2twp
白馬駅	白馬站	s	station	C	wikidata:Q59865:zh>s2twp
益山駅	益山站	s	station	C	wikidata:Q100882:zh>s2twp
盤浦駅	盤浦站	s	station	C	wikidata:Q68927:zh>s2twp
石村駅	石村站	s	station	C	wikidata:Q75339:zh>s2twp
石水駅	石水站	s	station	C	wikidata:Q137181:zh>s2twp
砂平駅	砂平站	s	station	C	wikidata:Q60071:zh>s2twp
碌磻駅	碌磻站	s	station	C	wikidata:Q79964:zh>s2twp
磯子駅	磯子車站	s	station	C	wikidata:Q79378:zh>s2twp
神保町駅	神保町站	s	station	C	wikidata:Q76805:zh>s2twp
神楽坂駅	神樂坂站	s	station	C	wikidata:Q80573:zh>s2twp
禿山駅	禿山站	s	station	C	wikidata:Q137175:zh>s2twp
稷山駅	稷山站	s	station	C	wikidata:Q167552:zh>s2twp
空港市場駅	機場市場站	s	station	C	wikidata:Q59980:zh>s2twp
空港貨物ターミナル駅	機場貨物辦公樓站	s	station	C	wikidata:Q54256:zh>s2twp
竹橋駅	竹橋站	s	station	C	wikidata:Q80564:zh>s2twp
竹田駅	竹田站	s	station	C	wikidata:Q17226:zh>s2twp
紙杻駅	紙杻站	s	station	C	wikidata:Q79841:zh>s2twp
細川駅	細川站	s	station	C	wikidata:Q188855:zh>s2twp
緑地公園駅	綠地公園站	s	station	C	wikidata:Q59455:zh>s2twp
義王駅	義王站	s	station	C	wikidata:Q54302:zh>s2twp
肥後橋駅	肥後橋站	s	station	C	wikidata:Q126343:zh>s2twp
臨津江駅	臨津江站	s	station	C	wikidata:Q54345:zh>s2twp
良才駅	良才站	s	station	C	wikidata:Q100852:zh>s2twp
芙江駅	芙江站	s	station	C	wikidata:Q188829:zh>s2twp
花井駅	花井站	s	station	C	wikidata:Q79836:zh>s2twp
花園町駅	花園町站	s	station	C	wikidata:Q126102:zh>s2twp
茅場町駅	茅場町站	s	station	C	wikidata:Q80566:zh>s2twp
菊秀駅	菊秀站	s	station	C	wikidata:Q58934:zh>s2twp
華西駅	華西站	s	station	C	wikidata:Q54305:zh>s2twp
落合駅	落合站	s	station	C	wikidata:Q80579:zh>s2twp
蔚山駅	蔚山站	s	station	C	wikidata:Q54295:zh>s2twp
薬水駅	藥水站	s	station	C	wikidata:Q100822:zh>s2twp
蘆原駅	蘆原站	s	station	C	wikidata:Q68681:zh>s2twp
蚕室駅	蠶室站	s	station	C	wikidata:Q75330:zh>s2twp
蚕院駅	蠶院站	s	station	C	wikidata:Q100842:zh>s2twp
衿井駅	衿井站	s	station	C	wikidata:Q54303:zh>s2twp
衿川区庁駅	衿川區廳站	s	station	C	wikidata:Q54299:zh>s2twp
西井里駅	西井裡站	s	station	C	wikidata:Q167500:zh>s2twp
西大橋駅	西大橋站	s	station	C	wikidata:Q112719:zh>s2twp
西大田駅	西大田站	s	station	C	wikidata:Q54293:zh>s2twp
西武多摩川線	多摩川線	s	line	C	wikidata:Q133620:zh>s2twp
西武豊島線	豐島線	s	line	C	wikidata:Q177444:zh>s2twp
西氷庫駅	西冰庫站	s	station	C	wikidata:Q58956:zh>s2twp
西永福駅	西永福站	s	station	C	wikidata:Q31589:zh>s2twp
論峴駅	論峴站	s	station	C	wikidata:Q68920:zh>s2twp
警察病院駅	警察醫院站	s	station	C	wikidata:Q54938:zh>s2twp
谷山駅	谷山站	s	station	C	wikidata:Q59861:zh>s2twp
豊後中村駅	豐後中村站	s	station	C	wikidata:Q251216:zh>s2twp
軍浦駅	軍浦站	s	station	C	wikidata:Q137221:zh>s2twp
逍遥山駅	逍遙山站	s	station	C	wikidata:Q55633:zh>s2twp
造田駅	造田站	s	station	C	wikidata:Q81401:zh>s2twp
逸院駅	逸院站	s	station	C	wikidata:Q100870:zh>s2twp
道峰山駅	道峰山站	s	station	C	wikidata:Q68633:zh>s2twp
都島駅	都島站	s	station	C	wikidata:Q83604:zh>s2twp
野江内代駅	野江內代站	s	station	C	wikidata:Q83607:zh>s2twp
野田阪神駅	野田阪神站	s	station	C	wikidata:Q126087:zh>s2twp
金村駅	金村站	s	station	C	wikidata:Q59875:zh>s2twp
金泉駅	金泉站	s	station	C	wikidata:Q54286:zh>s2twp
金浦空港駅	金浦機場站	s	station	C	wikidata:Q54263:zh>s2twp
金湖駅	金湖站	s	station	C	wikidata:Q100830:zh>s2twp
金蓮山駅	金蓮山站	s	station	C	wikidata:Q107399:zh>s2twp
金裕貞駅	金裕貞站	s	station	C	wikidata:Q49954:zh>s2twp
金陵駅	金陵站	s	station	C	wikidata:Q59873:zh>s2twp
釜山交通公社1号線	釜山都市鐵道1號線	s	line	C	wikidata:Q86356:zh>s2twp
釜山交通公社2号線	釜山都市鐵道2號線	s	line	C	wikidata:Q86467:zh>s2twp
釜山交通公社3号線	釜山都市鐵道3號線	s	line	C	wikidata:Q86468:zh>s2twp
釜山交通公社4号線	釜山都市鐵道4號線	s	line	C	wikidata:Q86469:zh>s2twp
銅雀駅	銅雀站	s	station	C	wikidata:Q60053:zh>s2twp
長岩駅	長巖站	s	station	C	wikidata:Q68611:zh>s2twp
門前仲町駅	門前仲町站	s	station	C	wikidata:Q80576:zh>s2twp
門真南駅	門真南站	s	station	C	wikidata:Q135207:zh>s2twp
開花駅	開花站	s	station	C	wikidata:Q54275:zh>s2twp
関目成育駅	關目成育站	s	station	C	wikidata:Q180511:zh>s2twp
関目高殿駅	關目高殿站	s	station	C	wikidata:Q83606:zh>s2twp
阿倍野駅	阿倍野站	s	station	C	wikidata:Q135196:zh>s2twp
陵谷駅	陵谷站	s	station	C	wikidata:Q59852:zh>s2twp
陶深駅	陶深站	s	station	C	wikidata:Q58943:zh>s2twp
陶農駅	陶農站	s	station	C	wikidata:Q58946:zh>s2twp
陽川郷校駅	陽川鄉校站	s	station	C	wikidata:Q59985:zh>s2twp
雲井駅	雲井站	s	station	C	wikidata:Q59871:zh>s2twp
雲吉山駅	雲吉山站	s	station	C	wikidata:Q58941:zh>s2twp
雲西駅	雲西站	s	station	C	wikidata:Q58999:zh>s2twp
霊通駅	靈通站	s	station	C	wikidata:Q218354:zh>s2twp
青森駅	青森站	s	station	C	wikidata:Q59516:zh>s2twp
面牧駅	面牧站	s	station	C	wikidata:Q68797:zh>s2twp
韓国航空大駅	韓國航空大站	s	station	C	wikidata:Q59848:zh>s2twp
馬頭駅	馬頭站	s	station	C	wikidata:Q79830:zh>s2twp
駒川中野駅	駒川中野站	s	station	C	wikidata:Q135198:zh>s2twp
高井戸駅	高井戶站	s	station	C	wikidata:Q31309:zh>s2twp
鳥致院駅	鳥致院站	s	station	C	wikidata:Q188312:zh>s2twp
鳳鳴駅	鳳鳴站	s	station	C	wikidata:Q167590:zh>s2twp
鳴鶴駅	鳴鶴站	s	station	C	wikidata:Q137202:zh>s2twp
鶴見緑地駅	鶴見綠地站	s	station	C	wikidata:Q135181:zh>s2twp
鷹峰駅	鷹峰站	s	station	C	wikidata:Q58953:zh>s2twp
鷺梁津駅	鷺梁津站	s	station	C	wikidata:Q60001:zh>s2twp
麻谷ナル駅	麻谷津站	s	station	C	wikidata:Q59984:zh>s2twp
黒石駅	黑石站	s	station	C	wikidata:Q52307:zh>s2twp
鼎鉢山駅	鼎缽山站	s	station	C	wikidata:Q79827:zh>s2twp
龍馬山駅	龍馬山站	s	station	C	wikidata:Q68811:zh>s2twp
ひろしま美術館	廣島美術館	s	landmark	C	wikidata:Q63828:zh>s2twp
国立長崎原爆死没者追悼平和祈念館	國立長崎原爆死歿者追悼和平祈念館	x	landmark	C	wikidata:Q133628:zh>s2twp
安芸区	安藝區	x	place	C	wikidata:Q63446:zh>s2twp
宮古空港	宮古機場	s	landmark	C	wikidata:Q116725:zh>s2twp
山形空港	山形機場	s	landmark	C	wikidata:Q176187:zh>s2twp
恩賜上野動物園	上野動物園	x	landmark	C	wikidata:Q162722:zh>s2twp
白兎神社	白兔神社	s	landmark	C	wikidata:Q246667:zh>s2twp
福島空港	福島機場	s	landmark	C	wikidata:Q177473:zh>s2twp
Tボーン	丁骨牛排	s	dish	C	wikidata:Q114924:zh>s2twp:alias
Tボーンステーキ	丁骨牛排	s	dish	C	wikidata:Q114924:zh>s2twp
おつくね	御握	x	dish	C	wikidata:Q13393:zh>s2twp:alias
おむすび	御握	x	dish	C	wikidata:Q13393:zh>s2twp:alias
お握り	御握	s	dish	C	wikidata:Q13393:zh>s2twp:alias
お酒	酒	x	drink	C	wikidata:Q154:zh-hant:alias
かまぼこ	蒲鉾	x	dish	C	wikidata:Q166204:zh>s2twp:alias
こしあん	豆沙	x	dish	C	wikidata:Q29340:zh>s2twp:alias
さんぴん茶	茉莉花茶	s	drink	C	wikidata:Q60855:zh>s2twp:alias
じゃーじゃー麺	炸醬麵	s	dish	C	wikidata:Q44737:zh-hant:alias
すき焼き丼	牛丼	s	dish	C	wikidata:Q203176:zh>s2twp:alias
ずんだ餅	毛豆麻糬	s	dish	C	wikidata:Q229777:zh>s2twp
たいやき	鯛魚燒	x	dish	C	wikidata:Q181195:zh-hant:alias
つぶあん	豆沙	x	dish	C	wikidata:Q29340:zh>s2twp:alias
ねり餡	豆沙	s	dish	C	wikidata:Q29340:zh>s2twp:alias
ぶどう酒	葡萄酒	s	drink	C	wikidata:Q282:zh-hant:alias
もんじゃ	文字燒	x	dish	C	wikidata:Q167692:zh>s2twp:alias
もんじゃ焼き	文字燒	s	dish	C	wikidata:Q167692:zh>s2twp
わたあめ	棉花糖	x	dish	C	wikidata:Q49737:zh>s2twp:alias
わたがし	棉花糖	x	dish	C	wikidata:Q49737:zh>s2twp:alias
アイラグ	馬奶酒	s	drink	C	wikidata:Q61081:zh>s2twp:alias
アイリャン	愛蘭	s	dish	C	wikidata:Q192892:zh-hant:alias
アクアビット	阿誇維特	s	drink	C	wikidata:Q178899:zh>s2twp
アシュレ	阿舒拉粥	s	dish	C	wikidata:Q136922:zh>s2twp
アフォガート	阿芙佳朵	s	dish	C	wikidata:Q59059:zh>s2twp
アフォガード	阿芙佳朵	s	dish	C	wikidata:Q59059:zh>s2twp:alias
アペリティフ	餐前酒	s	drink	C	wikidata:Q192150:zh>s2twp:alias
アラジー	俄羅斯煎餅	s	dish	C	wikidata:Q130395:zh>s2twp
アルコール飲料	酒	s	drink	C	wikidata:Q154:zh-hant:alias
アルゼンチンワイン	阿根廷葡萄酒	s	drink	C	wikidata:Q238914:zh>s2twp
アルトビール	老啤酒	s	drink	C	wikidata:Q44924:zh>s2twp
イェネーバ	仁內華	s	drink	C	wikidata:Q80680:zh>s2twp:alias
イェネーフェル	仁內華	s	drink	C	wikidata:Q80680:zh>s2twp:alias
インドミー	營多麵	s	dish	C	wikidata:Q27859:zh>s2twp
ウィスキー	威士忌	s	drink	C	wikidata:Q281:zh-hant:alias
ウオッカ	伏特加	s	drink	C	wikidata:Q374:zh-hant:alias
ウオツカ	伏特加	s	drink	C	wikidata:Q374:zh-hant:alias
ウオトカ	伏特加	s	drink	C	wikidata:Q374:zh-hant:alias
エッグベネディクト	火腿蛋鬆餅	s	dish	C	wikidata:Q58263:zh>s2twp
エンジェルウィング	比涅甜餅	s	dish	C	wikidata:Q35056:zh-hant:alias
エンジェルフードケーキ	天使蛋糕	s	dish	C	wikidata:Q29415:zh>s2twp
オニオンリング	洋蔥圈	s	dish	C	wikidata:Q244611:zh>s2twp
オニギリ	御握	s	dish	C	wikidata:Q13393:zh>s2twp:alias
オリーボル	甜甜圈	s	dish	C	wikidata:Q152536:zh-hant:alias
オレオサンドクッキー	奧利奧	s	dish	C	wikidata:Q138585:zh>s2twp
オーストリアワイン	奧地利葡萄酒	s	drink	C	wikidata:Q23237:zh>s2twp
オーリボル	甜甜圈	s	dish	C	wikidata:Q152536:zh-hant:alias
カステラ	卡斯提拉	s	dish	C	wikidata:Q87590:zh>s2twp
カスレ	卡酥萊	s	dish	C	wikidata:Q3039:zh>s2twp
カネロニ	加乃隆	s	dish	C	wikidata:Q20010:zh>s2twp
カラヒージョ	卡拉希略	s	drink	C	wikidata:Q25620:zh>s2twp
カリモーチョ	紅酒可樂	s	drink	C	wikidata:Q179660:zh>s2twp
カルバドス	卡爾瓦多斯白蘭地	s	drink	C	wikidata:Q3268:zh>s2twp:alias
カルボナード	啤酒烤肉	s	dish	C	wikidata:Q138553:zh>s2twp
カルヴァドス	卡爾瓦多斯白蘭地	s	drink	C	wikidata:Q3268:zh>s2twp
カンザス計画	新可口可樂	s	drink	C	wikidata:Q41084:zh>s2twp
カンネッローニ	加乃隆	s	dish	C	wikidata:Q20010:zh>s2twp:alias
ガチョウのロースト	燒鵝	s	dish	C	wikidata:Q36415:zh>s2twp
ガレット	脆皮蛋糕	s	dish	C	wikidata:Q242003:zh>s2twp
ガンブリヌス	加姆布里努斯	s	drink	C	wikidata:Q45298:zh>s2twp
キノコクリームスープ	忌廉蘑菇湯	s	dish	C	wikidata:Q179158:zh>s2twp
キルシュトルテ	黑森林蛋糕	s	dish	C	wikidata:Q19028:zh>s2twp:alias
キール	梯兒	s	dish	C	wikidata:Q59134:zh>s2twp
キールロワイヤル	皇家基爾	s	drink	C	wikidata:Q176764:zh>s2twp
クエラピス	印尼九層糕	s	dish	C	wikidata:Q159290:zh>s2twp
クミス	馬奶酒	s	drink	C	wikidata:Q61081:zh>s2twp:alias
クロシュトゥレ	比涅甜餅	s	dish	C	wikidata:Q35056:zh-hant:alias
クロック=ムッシュ	火腿乾酪三明治	s	dish	C	wikidata:Q738:zh-hant:alias
グリドルケーキ	薄烤餅	s	dish	C	wikidata:Q44541:zh-hant:alias
グリューワイン	香料酒	s	dish	C	wikidata:Q6584:zh>s2twp:alias
グリークサラダ	希臘沙拉	s	dish	C	wikidata:Q240801:zh>s2twp
グロッグ	香料酒	s	dish	C	wikidata:Q6584:zh>s2twp:alias
ケルシュ	科隆啤酒	s	drink	C	wikidata:Q4626:zh>s2twp
コアントロー	君度	s	drink	C	wikidata:Q10227:zh>s2twp
コトレット	肋排	s	dish	C	wikidata:Q33691:zh>s2twp:alias
コルタード	告爾多	s	drink	C	wikidata:Q59072:zh>s2twp
コンキリエ	貝殼麵	s	dish	C	wikidata:Q19962:zh>s2twp
コンフィチュール	果醬	s	dish	C	wikidata:Q1269:zh-hant:alias
コンフィテューレ	果醬	s	dish	C	wikidata:Q1269:zh-hant:alias
コートレット	肋排	s	dish	C	wikidata:Q33691:zh>s2twp:alias
サンバル	桑巴湯	s	dish	C	wikidata:Q188420:zh>s2twp:alias
サンバー	桑巴湯	s	dish	C	wikidata:Q188420:zh>s2twp:alias
サンバール	桑巴湯	s	dish	C	wikidata:Q188420:zh>s2twp
サーンバール	桑巴湯	s	dish	C	wikidata:Q188420:zh>s2twp:alias
ザウアーブラーテン	酸味燉牛肉	s	dish	C	wikidata:Q153352:zh>s2twp
ザバイオーネ	薩巴雍	s	dish	C	wikidata:Q136701:zh>s2twp
ザピエカンカ	波蘭披薩	s	dish	C	wikidata:Q147372:zh>s2twp
シェリー	雪利酒	s	drink	C	wikidata:Q16398:zh>s2twp
シシグ	鐵板豬內臟	s	dish	C	wikidata:Q152288:zh>s2twp
シシッグ	鐵板豬內臟	s	dish	C	wikidata:Q152288:zh>s2twp:alias
シチー	白菜湯	s	dish	C	wikidata:Q34292:zh>s2twp
シャシリク	俄羅斯烤肉	s	dish	C	wikidata:Q15181:zh>s2twp
シュトゥルーデル	果餡卷	s	dish	C	wikidata:Q59170:zh>s2twp
シュトルーデル	果餡卷	s	dish	C	wikidata:Q59170:zh>s2twp:alias
シュペッツレ	德國麵疙瘩	s	dish	C	wikidata:Q20065:zh>s2twp
シュヴァルツバルターキルシュトルテ	黑森林蛋糕	s	dish	C	wikidata:Q19028:zh>s2twp:alias
ジェムソンアイリッシュウイスキー	詹森愛爾蘭威士忌	s	drink	C	wikidata:Q2482:zh>s2twp
ジャスミンティー	茉莉花茶	s	drink	C	wikidata:Q60855:zh>s2twp:alias
ジャスミン茶	茉莉花茶	s	drink	C	wikidata:Q60855:zh>s2twp
ジャファケーキ	佳發蛋糕	s	dish	C	wikidata:Q29330:zh>s2twp:alias
ジャレビ	炸糖漿甜麵圈	s	dish	C	wikidata:Q59139:zh>s2twp
ジャージャン麺	炸醬麵	s	dish	C	wikidata:Q44737:zh-hant:alias
ジャージャーメン	炸醬麵	s	dish	C	wikidata:Q44737:zh-hant:alias
ジャージャー麺	炸醬麵	s	dish	C	wikidata:Q44737:zh-hant:alias
ジュネヴァ	仁內華	s	drink	C	wikidata:Q80680:zh>s2twp
ジュピラー	瑞皮萊爾	s	drink	C	wikidata:Q153960:zh>s2twp:alias
ジョン	煎	s	dish	C	wikidata:Q133817:zh>s2twp
ジヴァニア	塞普勒斯魚尾菊酒	s	drink	C	wikidata:Q206757:zh>s2twp
スジョンガ	水正果	s	drink	C	wikidata:Q39553:zh>s2twp:alias
スジョンクァ	水正果	s	drink	C	wikidata:Q39553:zh>s2twp:alias
スジョングァ	水正果	s	drink	C	wikidata:Q39553:zh>s2twp
スパイスワイン	香料酒	s	dish	C	wikidata:Q6584:zh>s2twp:alias
スパゲッティー	義大利粉	s	dish	C	wikidata:Q20026:zh-hant:alias
スパゲティ	義大利粉	s	dish	C	wikidata:Q20026:zh-hant:alias
スパゲティー	義大利粉	s	dish	C	wikidata:Q20026:zh-hant:alias
スペキュラース	焦糖餅乾	s	dish	C	wikidata:Q6591:zh>s2twp
スペキュロス	焦糖餅乾	s	dish	C	wikidata:Q6591:zh>s2twp:alias
スペキュロース	焦糖餅乾	s	dish	C	wikidata:Q6591:zh>s2twp:alias
スムージー	冰沙	s	drink	C	wikidata:Q13290:zh>s2twp
スラッシュ	冰沙	s	drink	C	wikidata:Q13296:zh>s2twp:alias
スラッシー	冰沙	s	drink	C	wikidata:Q13296:zh>s2twp
スープ	湯	s	dish	C	wikidata:Q41415:zh-hant:alias
スープリ	羅馬炸飯糰	s	dish	C	wikidata:Q250966:zh>s2twp
ズコット	義大利圓頂蛋糕	s	dish	C	wikidata:Q227658:zh>s2twp
ズッコット	義大利圓頂蛋糕	s	dish	C	wikidata:Q227658:zh>s2twp:alias
ゼメル	圓麵包	s	dish	C	wikidata:Q23004:zh-hant:alias
ソーマ	蘇摩	s	drink	C	wikidata:Q64897:zh>s2twp
ゾンビ	殭屍	s	drink	C	wikidata:Q219141:zh>s2twp
タイヤキ	鯛魚燒	s	dish	C	wikidata:Q181195:zh-hant:alias
タイ焼き	鯛魚燒	s	dish	C	wikidata:Q181195:zh-hant:alias
タッギャテッレ	鳥巢麵	s	dish	C	wikidata:Q20044:zh>s2twp:alias
タッリャテッレ	鳥巢麵	s	dish	C	wikidata:Q20044:zh>s2twp:alias
タパス	塔帕斯	s	dish	C	wikidata:Q220964:zh>s2twp
タラグ	優格	s	drink	C	wikidata:Q13317:zh-hant:alias
タリアテッレ	鳥巢麵	s	dish	C	wikidata:Q20044:zh>s2twp
タリアテーレ	鳥巢麵	s	dish	C	wikidata:Q20044:zh>s2twp:alias
ダルマカニ	奶油扁豆咖哩	s	dish	C	wikidata:Q58610:zh>s2twp
ダンフヌーデルン	德式饅頭	s	dish	C	wikidata:Q22976:zh>s2twp
ダンプフヌーデルン	德式饅頭	s	dish	C	wikidata:Q22976:zh>s2twp:alias
チャバタ	拖鞋麵包	s	dish	C	wikidata:Q246703:zh>s2twp:alias
チャバッタ	拖鞋麵包	s	dish	C	wikidata:Q246703:zh>s2twp
チョコレートケーキ	巧克力蛋糕	s	dish	C	wikidata:Q30186:zh>s2twp
チョコレートミルク	巧克力牛奶	s	drink	C	wikidata:Q13253:zh>s2twp
ツオップ	辮子麵包	s	dish	C	wikidata:Q220406:zh>s2twp
ティムビッツ	天趣球	s	dish	C	wikidata:Q141:zh>s2twp
テイベリジュ	米布丁	s	dish	C	wikidata:Q19029:zh>s2twp:alias
テンペ	丹貝	s	dish	C	wikidata:Q120096:zh>s2twp
トルココーヒー	土耳其咖啡	s	drink	C	wikidata:Q43022:zh>s2twp
トルテッリーニ	義大利餛飩	s	dish	C	wikidata:Q20057:zh-hant:alias
ドゥーグ	愛蘭	s	dish	C	wikidata:Q192892:zh-hant:alias
ドミノシュタイン	多米諾巧克力	s	dish	C	wikidata:Q32977:zh>s2twp
ドロッペ	甘草糖	s	dish	C	wikidata:Q138811:zh>s2twp:alias
ナレスニキ	薄烤餅	s	dish	C	wikidata:Q44541:zh-hant:alias
ニース風サラダ	尼斯沙拉	s	dish	C	wikidata:Q209486:zh>s2twp
ヌドリ	玉棋	s	dish	C	wikidata:Q20063:zh-hant:alias
ハムス	鷹嘴豆泥	s	dish	C	wikidata:Q241987:zh>s2twp:alias
ハモス	鷹嘴豆泥	s	dish	C	wikidata:Q241987:zh>s2twp:alias
ハングァ	韓菓	s	dish	C	wikidata:Q27103:zh>s2twp
ハーゲルスラッハ	巧克力米	s	dish	C	wikidata:Q152547:zh>s2twp
バインクオン	越南粉卷	s	dish	C	wikidata:Q50622:zh>s2twp
バインセオ	越南煎餅	s	dish	C	wikidata:Q50633:zh>s2twp
バッテンバーグケーキ	巴滕伯格蛋糕	s	dish	C	wikidata:Q167309:zh>s2twp
パイナップルケーキ	鳳梨酥	s	dish	C	wikidata:Q55167:zh>s2twp:alias
パスカ	帕斯卡	s	dish	C	wikidata:Q201120:zh>s2twp
パスティス	法國茴香酒	s	drink	C	wikidata:Q16976:zh>s2twp
パッケリ	帕凱利通心粉	s	dish	C	wikidata:Q20023:zh>s2twp
パフェ	芭菲	s	dish	C	wikidata:Q13314:zh>s2twp
パフライスケーキ	米餅	s	dish	C	wikidata:Q122154:zh>s2twp
パヤサ	梯兒	s	dish	C	wikidata:Q59134:zh>s2twp:alias
パヤサム	梯兒	s	dish	C	wikidata:Q59134:zh>s2twp:alias
パラチンケ	薄烤餅	s	dish	C	wikidata:Q44541:zh-hant:alias
パンローフ	長條麵包	s	dish	C	wikidata:Q134152:zh>s2twp:alias
ビター	苦啤酒	s	drink	C	wikidata:Q27201:zh>s2twp
ピードボーウフ醸造所	瑞皮萊爾	s	drink	C	wikidata:Q153960:zh>s2twp
ファボルキ	比涅甜餅	s	dish	C	wikidata:Q35056:zh-hant:alias
ファルファッレ	蝴蝶麵	s	dish	C	wikidata:Q19952:zh>s2twp:alias
ファルファーレ	蝴蝶麵	s	dish	C	wikidata:Q19952:zh>s2twp
フェレニ	梯兒	s	dish	C	wikidata:Q59134:zh>s2twp:alias
フォアグラ	鵝肝	s	dish	C	wikidata:Q34807:zh>s2twp
フォワグラ	鵝肝	s	dish	C	wikidata:Q34807:zh>s2twp:alias
フマス	鷹嘴豆泥	s	dish	C	wikidata:Q241987:zh>s2twp:alias
フムス	鷹嘴豆泥	s	dish	C	wikidata:Q241987:zh>s2twp
フラットホワイト	馥芮白	s	drink	C	wikidata:Q62449:zh>s2twp
フラワートルティーヤ	麵粉薄餅	s	dish	C	wikidata:Q204251:zh>s2twp
フランセジーニャ	葡式三明治	s	dish	C	wikidata:Q732:zh>s2twp
フリーダムフライ	自由薯條	s	dish	C	wikidata:Q138213:zh>s2twp:alias
フルーツジュース	果汁	s	drink	C	wikidata:Q8492:zh-hant:alias
フルーツブランデー	水果白蘭地	s	drink	C	wikidata:Q222216:zh>s2twp
フローズンヨーグルト	霜凍優格	s	dish	C	wikidata:Q13319:zh>s2twp
フンムス	鷹嘴豆泥	s	dish	C	wikidata:Q241987:zh>s2twp:alias
ブカティーニ	吸管麵	s	dish	C	wikidata:Q20007:zh>s2twp
ブドウ酒	葡萄酒	s	drink	C	wikidata:Q282:zh-hant:alias
ブラッディマリー	血腥瑪麗	s	drink	C	wikidata:Q207711:zh>s2twp:alias
ブレートヒェン	圓麵包	s	dish	C	wikidata:Q23004:zh-hant:alias
ブンチャー	烤肉米粉	s	dish	C	wikidata:Q50634:zh>s2twp
プリンテン	普林滕餅	s	dish	C	wikidata:Q153254:zh>s2twp
ベトナムのサラダ素麺	烤肉米粉	s	dish	C	wikidata:Q50634:zh>s2twp:alias
ホットケーキ	薄烤餅	s	dish	C	wikidata:Q44541:zh-hant:alias
ホットレモネード	檸檬水	s	drink	C	wikidata:Q893:zh-hant:alias
ホモス	鷹嘴豆泥	s	dish	C	wikidata:Q241987:zh>s2twp:alias
ホンモス	鷹嘴豆泥	s	dish	C	wikidata:Q241987:zh>s2twp:alias
ボロヴィチカ	斯洛伐克琴酒	s	drink	C	wikidata:Q223669:zh>s2twp
ポテトパンケーキ	馬鈴薯煎餅	s	dish	C	wikidata:Q152981:zh>s2twp
ポトフ	火上鍋	s	dish	C	wikidata:Q10398:zh>s2twp
ポトフー	火上鍋	s	dish	C	wikidata:Q10398:zh>s2twp:alias
マキャロン	馬卡龍	s	dish	C	wikidata:Q12478:zh-hant:alias
マコロン	馬卡龍	s	dish	C	wikidata:Q12478:zh-hant:alias
マジパン	扁桃仁膏	s	dish	C	wikidata:Q106252:zh>s2twp:alias
マッツァー	猶太逾越節薄餅	s	dish	C	wikidata:Q211361:zh>s2twp
マッツォ	猶太逾越節薄餅	s	dish	C	wikidata:Q211361:zh>s2twp:alias
マッツォー	猶太逾越節薄餅	s	dish	C	wikidata:Q211361:zh>s2twp:alias
マデイラワイン	馬德拉酒	s	drink	C	wikidata:Q27697:zh>s2twp:alias
マリブ	馬利寶朗姆酒	s	drink	C	wikidata:Q177092:zh>s2twp
マルチパン	扁桃仁膏	s	dish	C	wikidata:Q106252:zh>s2twp
マルツィパーン	扁桃仁膏	s	dish	C	wikidata:Q106252:zh>s2twp:alias
マルドワイン	香料酒	s	dish	C	wikidata:Q6584:zh>s2twp:alias
ミューズリー	木斯里	s	dish	C	wikidata:Q52406:zh>s2twp
ミル=フィーユ	法式千層酥	s	dish	C	wikidata:Q12491:zh-hant:alias
ミル=フイユ	法式千層酥	s	dish	C	wikidata:Q12491:zh-hant:alias
ミル=フォイユ	法式千層酥	s	dish	C	wikidata:Q12491:zh-hant:alias
ミルヒライス	米布丁	s	dish	C	wikidata:Q19029:zh>s2twp:alias
ミルフイユ	法式千層酥	s	dish	C	wikidata:Q12491:zh-hant:alias
ミルフォイユ	法式千層酥	s	dish	C	wikidata:Q12491:zh-hant:alias
ミートチョップ	肋排	s	dish	C	wikidata:Q33691:zh>s2twp:alias
モミジ	鳳爪	s	dish	C	wikidata:Q41384:zh>s2twp:alias
モルドワイン	香料酒	s	dish	C	wikidata:Q6584:zh>s2twp
ユジャチャ	柚子茶	s	drink	C	wikidata:Q31511:zh>s2twp:alias
ユズ茶	柚子茶	s	drink	C	wikidata:Q31511:zh>s2twp:alias
ユールムスト	聖誕葡萄汁	s	dish	C	wikidata:Q251113:zh>s2twp
ライスタブライ	米布丁	s	dish	C	wikidata:Q19029:zh>s2twp:alias
ライスプディング	米布丁	s	dish	C	wikidata:Q19029:zh>s2twp
ラクリッツ	甘草糖	s	dish	C	wikidata:Q138811:zh>s2twp:alias
リオレ	米布丁	s	dish	C	wikidata:Q19029:zh>s2twp:alias
リクイリツィア	甘草糖	s	dish	C	wikidata:Q138811:zh>s2twp:alias
リコリス菓子	甘草糖	s	dish	C	wikidata:Q138811:zh>s2twp
リコリッシュ	甘草糖	s	dish	C	wikidata:Q138811:zh>s2twp:alias
リストレット	芮斯崔朵	s	drink	C	wikidata:Q59047:zh>s2twp
リゾヤロ	米布丁	s	dish	C	wikidata:Q19029:zh>s2twp:alias
リポビタンD	力保美達	s	drink	C	wikidata:Q175919:zh>s2twp
リンギーネ	扁意粉	s	dish	C	wikidata:Q20035:zh>s2twp:alias
リングィーネ	扁意粉	s	dish	C	wikidata:Q20035:zh>s2twp:alias
リングイネ	扁意粉	s	dish	C	wikidata:Q20035:zh>s2twp
リングイーネ	扁意粉	s	dish	C	wikidata:Q20035:zh>s2twp:alias
ルリジューズ	修女泡芙	s	dish	C	wikidata:Q55152:zh>s2twp
ルートビア	根汁汽水	s	drink	C	wikidata:Q36275:zh>s2twp
ルートビヤー	根汁汽水	s	drink	C	wikidata:Q36275:zh>s2twp:alias
一葉茶	苦丁茶	x	drink	C	wikidata:Q251514:zh>s2twp:alias
乳飲み仔豚	葡萄牙仔豬肉	s	dish	C	wikidata:Q23015:zh>s2twp
冷凍炭酸入り飲料	冰沙	s	drink	C	wikidata:Q13296:zh>s2twp:alias
冷凍炭酸飲料	冰沙	x	drink	C	wikidata:Q13296:zh>s2twp:alias
小倉あん	豆沙	s	dish	C	wikidata:Q29340:zh>s2twp:alias
小倉餡	豆沙	x	dish	C	wikidata:Q29340:zh>s2twp:alias
小豆餡	豆沙	x	dish	C	wikidata:Q29340:zh>s2twp:alias
御握り	御握	s	dish	C	wikidata:Q13393:zh>s2twp:alias
御結び	御握	s	dish	C	wikidata:Q13393:zh>s2twp:alias
懐石	懷石料理	x	dish	C	wikidata:Q175595:zh>s2twp
握り飯	御握	s	dish	C	wikidata:Q13393:zh>s2twp:alias
握飯	御握	x	dish	C	wikidata:Q13393:zh>s2twp:alias
搾汁	果汁	x	drink	C	wikidata:Q8492:zh-hant:alias
明石焼き	明石燒	s	dish	C	wikidata:Q116327:zh>s2twp:alias
晒し餡	豆沙	s	dish	C	wikidata:Q29340:zh>s2twp:alias
果汁飲料	果汁	x	drink	C	wikidata:Q8492:zh-hant:alias
汁もの	湯	s	dish	C	wikidata:Q41415:zh-hant:alias
汁料理	湯	x	dish	C	wikidata:Q41415:zh-hant:alias
汁物	湯	x	dish	C	wikidata:Q41415:zh-hant:alias
河豚	河魨	x	dish	C	wikidata:Q134385:zh-hant:alias
温ワイン	香料酒	s	dish	C	wikidata:Q6584:zh>s2twp:alias
温葡萄酒	香料酒	x	dish	C	wikidata:Q6584:zh>s2twp:alias
漉し餡	豆沙	s	dish	C	wikidata:Q29340:zh>s2twp:alias
牛めし	牛丼	s	dish	C	wikidata:Q203176:zh>s2twp:alias
牛飯	牛丼	x	dish	C	wikidata:Q203176:zh>s2twp:alias
生あん	豆沙	s	dish	C	wikidata:Q29340:zh>s2twp:alias
生餡	豆沙	x	dish	C	wikidata:Q29340:zh>s2twp:alias
粒あん	豆沙	s	dish	C	wikidata:Q29340:zh>s2twp:alias
粒餡	豆沙	x	dish	C	wikidata:Q29340:zh>s2twp:alias
紅葉	鳳爪	x	dish	C	wikidata:Q41384:zh>s2twp:alias
綿あめ	棉花糖	s	dish	C	wikidata:Q49737:zh>s2twp:alias
綿菓子	棉花糖	x	dish	C	wikidata:Q49737:zh>s2twp
綿飴	棉花糖	x	dish	C	wikidata:Q49737:zh>s2twp:alias
練あん	豆沙	s	dish	C	wikidata:Q29340:zh>s2twp:alias
練りあん	豆沙	s	dish	C	wikidata:Q29340:zh>s2twp:alias
練り餡	豆沙	s	dish	C	wikidata:Q29340:zh>s2twp:alias
練餡	豆沙	x	dish	C	wikidata:Q29340:zh>s2twp:alias
自由のフライ	自由薯條	s	dish	C	wikidata:Q138213:zh>s2twp
自由の揚げ物	自由薯條	s	dish	C	wikidata:Q138213:zh>s2twp:alias
茶懐石	懷石料理	x	dish	C	wikidata:Q175595:zh>s2twp:alias
角食	長條麵包	x	dish	C	wikidata:Q134152:zh>s2twp:alias
赤あん	豆沙	s	dish	C	wikidata:Q29340:zh>s2twp:alias
赤餡	豆沙	x	dish	C	wikidata:Q29340:zh>s2twp:alias
酒類	酒	x	drink	C	wikidata:Q154:zh-hant:alias
食パン	長條麵包	s	dish	C	wikidata:Q134152:zh>s2twp
食前酒	餐前酒	x	drink	C	wikidata:Q192150:zh>s2twp
飲み水	飲用水	s	drink	C	wikidata:Q7892:zh>s2twp:alias
飲料水	飲用水	x	drink	C	wikidata:Q7892:zh>s2twp
飲水	飲用水	x	drink	C	wikidata:Q7892:zh>s2twp:alias
餡こ	豆沙	x	dish	C	wikidata:Q29340:zh>s2twp:alias
餡子	豆沙	x	dish	C	wikidata:Q29340:zh>s2twp:alias
香港式ミルクティー	絲襪奶茶	s	drink	C	wikidata:Q41356:zh>s2twp
馬乳酒	馬奶酒	x	drink	C	wikidata:Q61081:zh>s2twp
鯛焼	鯛魚燒	x	dish	C	wikidata:Q181195:zh-hant:alias
鯛焼き	鯛魚燒	s	dish	C	wikidata:Q181195:zh-hant:alias
鶏の足	鳳爪	s	dish	C	wikidata:Q41384:zh>s2twp:alias
鶏爪	鳳爪	x	dish	C	wikidata:Q41384:zh>s2twp
鶏足	鳳爪	x	dish	C	wikidata:Q41384:zh>s2twp:alias
麦湯	大麥茶	x	drink	C	wikidata:Q31625:zh>s2twp:alias
麦茶	大麥茶	x	drink	C	wikidata:Q31625:zh>s2twp
お酢	醋	x	food	C	wikidata:Q41354:zh>s2twp:alias
がんじゃ	大麻	x	food	C	wikidata:Q2845:zh-hant:alias
こめ油	米糠油	s	food	C	wikidata:Q175933:zh>s2twp
とうがらし	辣椒	x	food	C	wikidata:Q165199:zh>s2twp:alias
とんがらし	辣椒	x	food	C	wikidata:Q165199:zh>s2twp:alias
ふくらし粉	復配膨鬆劑	s	food	C	wikidata:Q29476:zh>s2twp:alias
りんご酢	醋	s	food	C	wikidata:Q41354:zh>s2twp:alias
ウィスカス	偉嘉	s	food	C	wikidata:Q163355:zh>s2twp:alias
ウィスカーズ	偉嘉	s	food	C	wikidata:Q163355:zh>s2twp:alias
エンマコムギ	二粒小麥	s	food	C	wikidata:Q167339:zh-hant:alias
エンマー小麦	二粒小麥	s	food	C	wikidata:Q167339:zh-hant:alias
エンメル麦	二粒小麥	s	food	C	wikidata:Q167339:zh-hant:alias
オランデーズソース	荷蘭醬	s	food	C	wikidata:Q58259:zh>s2twp
カイエンペッパー	牛角椒	s	food	C	wikidata:Q6598:zh>s2twp
カリニエナ	佳利釀	s	food	C	wikidata:Q251054:zh>s2twp
カリニャン	佳利釀	s	food	C	wikidata:Q251054:zh>s2twp:alias
カルカン	偉嘉	s	food	C	wikidata:Q163355:zh>s2twp
カルネ	肉品	s	food	C	wikidata:Q10990:zh-hant:alias
ガラムマサーラー	葛拉姆馬薩拉	s	food	C	wikidata:Q14624:zh-hant:alias
ガンメルオスト	挪威青黴芝士	s	food	C	wikidata:Q176017:zh>s2twp
ククス	朝鮮麵條	s	food	C	wikidata:Q34156:zh>s2twp:alias
クスクス	古斯米	s	food	C	wikidata:Q76605:zh>s2twp
クランベリー	小紅莓	s	food	C	wikidata:Q13181:zh>s2twp
クリップフィッシュ	魚乾	s	food	C	wikidata:Q213725:zh>s2twp:alias
クロタン ド シャヴィニョル	沙維尼奧勒圓形山羊乳酪	s	food	C	wikidata:Q249873:zh>s2twp:alias
グアンチャーレ	風乾豬面頰肉	s	food	C	wikidata:Q194632:zh>s2twp
グクス	朝鮮麵條	s	food	C	wikidata:Q34156:zh>s2twp:alias
グラノラ	穀麥棒	s	food	C	wikidata:Q119203:zh-hant:alias
グリュンケルン	綠穀	s	food	C	wikidata:Q142116:zh>s2twp
グロスターチーズ	格洛斯特芝士	s	food	C	wikidata:Q174539:zh>s2twp
ケール	羽衣甘藍	s	food	C	wikidata:Q45989:zh>s2twp
ココアバター	可可脂	s	food	C	wikidata:Q251106:zh>s2twp
コメ油	米糠油	s	food	C	wikidata:Q175933:zh>s2twp:alias
コンテチーズ	孔泰乳酪	s	food	C	wikidata:Q249310:zh>s2twp
ゴールデンデリシャス	金冠蘋果	s	food	C	wikidata:Q201996:zh>s2twp
サフラン	番紅花	s	food	C	wikidata:Q25434:zh>s2twp
サンフラワー油	葵花籽油	s	food	C	wikidata:Q94787:zh-hant:alias
シェーブルチーズ	山羊乳酪	s	food	C	wikidata:Q198815:zh>s2twp
シビレ	牛胸腺	s	food	C	wikidata:Q49951:zh>s2twp
シュガーローフ	塔糖	s	food	C	wikidata:Q227864:zh>s2twp
シュバイネハクセ	豬肘	s	food	C	wikidata:Q153976:zh>s2twp
シュペック	培根肉	s	food	C	wikidata:Q11106:zh-hant:alias
ショウリース	口利左香腸	s	food	C	wikidata:Q23374:zh-hant:alias
スカモルツァ	斯卡摸扎	s	food	C	wikidata:Q248149:zh>s2twp
スターフルーツ	楊桃	s	food	C	wikidata:Q181560:zh>s2twp
スターフルーツの実	楊桃	s	food	C	wikidata:Q181560:zh>s2twp:alias
ストックフィッシュ	魚乾	s	food	C	wikidata:Q213725:zh>s2twp
スンデ	血米腸	s	food	C	wikidata:Q115251:zh>s2twp
スヴョークラ	甜菜頭	s	food	C	wikidata:Q165437:zh>s2twp:alias
ゼスト	果皮削片	s	food	C	wikidata:Q196819:zh>s2twp
タプナードソース	橄欖醬	s	food	C	wikidata:Q129031:zh-hant:alias
ターペンタイン	松節油	s	food	C	wikidata:Q201382:zh>s2twp:alias
ダイエット食品	減肥食品	s	food	C	wikidata:Q250459:zh>s2twp
チッターリング	牛小腸	s	food	C	wikidata:Q155460:zh-hant:alias
チョリソー	口利左香腸	s	food	C	wikidata:Q23374:zh-hant:alias
チョリーゾ	口利左香腸	s	food	C	wikidata:Q23374:zh-hant:alias
チリペッパー	辣椒	s	food	C	wikidata:Q165199:zh>s2twp:alias
チンピ	陳皮	s	food	C	wikidata:Q73988:zh>s2twp:alias
テレビン油	松節油	s	food	C	wikidata:Q201382:zh>s2twp
テレピン油	松節油	s	food	C	wikidata:Q201382:zh>s2twp:alias
テーブルビート	甜菜頭	s	food	C	wikidata:Q165437:zh>s2twp
ディジョンマスタード	法式芥末醬	s	food	C	wikidata:Q204226:zh>s2twp
トケマリ	特克馬裡	s	food	C	wikidata:Q65028:zh-hant:alias
トルティーヤチップス	墨西哥玉米片	s	food	C	wikidata:Q175641:zh-hant:alias
トンガラシ	辣椒	s	food	C	wikidata:Q165199:zh>s2twp:alias
ドライフルーツ	果乾	s	food	C	wikidata:Q234901:zh-hant:alias
ハゴロモカンラン	羽衣甘藍	s	food	C	wikidata:Q45989:zh>s2twp:alias
ハニーデューメロン	蜜露甜瓜	s	food	C	wikidata:Q47801:zh>s2twp:alias
ハネデューメロン	蜜露甜瓜	s	food	C	wikidata:Q47801:zh>s2twp
ハネージュメロン	蜜露甜瓜	s	food	C	wikidata:Q47801:zh>s2twp:alias
バジルソース	青醬	s	food	C	wikidata:Q9896:zh-hant:alias
バッター	麵糊	s	food	C	wikidata:Q29493:zh>s2twp:alias
バッター液	麵糊	s	food	C	wikidata:Q29493:zh>s2twp:alias
バニラ	香草	s	food	C	wikidata:Q13241:zh>s2twp
バニラビーンズ	香草	s	food	C	wikidata:Q13241:zh>s2twp:alias
バンコウカ	番紅花	s	food	C	wikidata:Q25434:zh>s2twp:alias
バンショウ	辣椒	s	food	C	wikidata:Q165199:zh>s2twp:alias
パインベリー	菠蘿莓	s	food	C	wikidata:Q45824:zh>s2twp
パフパストリー	酥皮	s	food	C	wikidata:Q29221:zh>s2twp
パフペストリー	酥皮	s	food	C	wikidata:Q29221:zh>s2twp:alias
パンチェッタの燻製	培根肉	s	food	C	wikidata:Q11106:zh-hant:alias
ヒマワリ油	葵花籽油	s	food	C	wikidata:Q94787:zh-hant:alias
ビネガー	醋	s	food	C	wikidata:Q41354:zh>s2twp:alias
ビルベリー	祖愉莓	s	food	C	wikidata:Q13178:zh-hant:alias
ブティファラ	米血糕	s	food	C	wikidata:Q7046:zh>s2twp
ブルグァ	布格麥	s	food	C	wikidata:Q250432:zh>s2twp:alias
ブルグル	布格麥	s	food	C	wikidata:Q250432:zh>s2twp
ブルグール	布格麥	s	food	C	wikidata:Q250432:zh>s2twp:alias
ベアルネーズソース	貝阿恩醬	s	food	C	wikidata:Q58265:zh>s2twp
ベーキングパウダー	復配膨鬆劑	s	food	C	wikidata:Q29476:zh>s2twp
ペストジェノベーゼ	青醬	s	food	C	wikidata:Q9896:zh-hant:alias
マリファナ	大麻	s	food	C	wikidata:Q2845:zh-hant:alias
マンダリンオレンジ	橘子	s	food	C	wikidata:Q190024:zh>s2twp
モッツァレラ	莫札瑞拉起司	s	food	C	wikidata:Q14088:zh-hant:alias
モルビエ	莫爾比耶乾酪	s	food	C	wikidata:Q177727:zh>s2twp
ヤクバター	酥油	s	food	C	wikidata:Q200430:zh>s2twp
ユコラ	魷蔻邋	s	food	C	wikidata:Q134095:zh>s2twp
ラミネート生地	層壓	s	food	C	wikidata:Q198916:zh>s2twp
ラルド	豬油	s	food	C	wikidata:Q72827:zh>s2twp:alias
ランチョンミート	拉米拼盤	s	food	C	wikidata:Q10426:zh>s2twp
リョクヨウカンラン	羽衣甘藍	s	food	C	wikidata:Q45989:zh>s2twp:alias
レイズン	葡萄乾	s	food	C	wikidata:Q13186:zh>s2twp:alias
レーズン	葡萄乾	s	food	C	wikidata:Q13186:zh>s2twp
ヴィネガー	醋	s	food	C	wikidata:Q41354:zh>s2twp:alias
ヴルーテソース	絲絨醬	s	food	C	wikidata:Q58261:zh>s2twp
乾しブドウ	葡萄乾	s	food	C	wikidata:Q13186:zh>s2twp:alias
乾し葡萄	葡萄乾	s	food	C	wikidata:Q13186:zh>s2twp:alias
人造バター	植物牛油	s	food	C	wikidata:Q4287:zh>s2twp:alias
付け合わせ	飾菜	s	food	C	wikidata:Q59541:zh>s2twp
向日葵の種	葵花籽油	s	food	C	wikidata:Q94787:zh-hant:alias
唐芥子	辣椒	x	food	C	wikidata:Q165199:zh>s2twp:alias
天日干ししたタラ	魚乾	s	food	C	wikidata:Q213725:zh>s2twp:alias
山羊乳チーズ	山羊乳酪	s	food	C	wikidata:Q198815:zh>s2twp:alias
干しぶどう	葡萄乾	s	food	C	wikidata:Q13186:zh>s2twp:alias
干しブドウ	葡萄乾	s	food	C	wikidata:Q13186:zh>s2twp:alias
干し葡萄	葡萄乾	s	food	C	wikidata:Q13186:zh>s2twp:alias
干し魚	魚乾	s	food	C	wikidata:Q213725:zh>s2twp:alias
干魚	魚乾	x	food	C	wikidata:Q213725:zh>s2twp:alias
折パイ生地	酥皮	s	food	C	wikidata:Q29221:zh>s2twp:alias
朝鮮の麺	朝鮮麵條	s	food	C	wikidata:Q34156:zh>s2twp
松精油	松節油	x	food	C	wikidata:Q201382:zh>s2twp:alias
柿の実	柿	s	food	C	wikidata:Q29526:zh-hant:alias
減量食	減肥食品	x	food	C	wikidata:Q250459:zh>s2twp:alias
火焔菜	甜菜頭	x	food	C	wikidata:Q165437:zh>s2twp:alias
猫食文化	貓肉	x	food	C	wikidata:Q18226:zh>s2twp:alias
生アーモンド	杏仁	s	food	C	wikidata:Q184357:zh-hant:alias
神戸ビーフ	神戶牛	s	food	C	wikidata:Q42085:zh>s2twp
神戸肉	神戶牛	x	food	C	wikidata:Q42085:zh>s2twp:alias
穀物粉	穀粉	x	food	C	wikidata:Q36465:zh-hant:alias
米ぬか油	米糠油	s	food	C	wikidata:Q175933:zh>s2twp:alias
米穀	稻米	x	food	C	wikidata:Q5090:zh-hant:alias
背脂	豬油	x	food	C	wikidata:Q72827:zh>s2twp:alias
脹粉	復配膨鬆劑	x	food	C	wikidata:Q29476:zh>s2twp:alias
膨らし粉	復配膨鬆劑	s	food	C	wikidata:Q29476:zh>s2twp:alias
葉菜	綠葉蔬菜	x	food	C	wikidata:Q20134:zh-hant:alias
蕃椒	辣椒	x	food	C	wikidata:Q165199:zh>s2twp:alias
豚のすね肉	豬肘	s	food	C	wikidata:Q153976:zh>s2twp:alias
赤唐辛子	辣椒	x	food	C	wikidata:Q165199:zh>s2twp:alias
韓国の麺	朝鮮麵條	s	food	C	wikidata:Q34156:zh>s2twp:alias
食用ビート	甜菜頭	s	food	C	wikidata:Q165437:zh>s2twp:alias
飴ガラス	糖玻璃	s	food	C	wikidata:Q28243:zh>s2twp
チャノキ油	茶樹油	s	ingredient	C	wikidata:Q48832:zh>s2twp
ティーツリーオイル	茶樹油	s	ingredient	C	wikidata:Q48832:zh>s2twp:alias
ティーツリー油	茶樹油	s	ingredient	C	wikidata:Q48832:zh>s2twp:alias
ティーツリー精油	茶樹油	s	ingredient	C	wikidata:Q48832:zh>s2twp:alias
ティートリー精油	茶樹油	s	ingredient	C	wikidata:Q48832:zh>s2twp:alias
不和の林檎	金蘋果事件	x	fruit	C	wikidata:Q146970:zh>s2twp
争いのリンゴ	金蘋果事件	s	fruit	C	wikidata:Q146970:zh>s2twp:alias
